{
  "micro_f1": 0.7142411966344656,
  "macro_f1": 0.7031483727362656,
  "weighted_f1": 0.7130175259539419,
  "subset_accuracy": 0.651844843897824,
  "per_label_f1": {
    "1": 0.6909090909090909,
    "2": 0.746031746031746,
    "3": 0.6976744186046512,
    "4": 0.7368421052631579,
    "5": 0.6153846153846154,
    "6": 0.7586206896551724,
    "7": 0.56,
    "8": 0.7022900763358778,
    "9": 0.7647058823529411,
    "10": 0.7434944237918215,
    "11": 0.7395348837209302,
    "12": 0.65,
    "13": 0.7570093457943925,
    "14": 0.6666666666666666,
    "15": 0.7226890756302521,
    "16": 0.6810810810810811,
    "17": 0.7205882352941176
  },
  "average_true_labels": 1.4408703878902553,
  "average_predicted_labels": 1.5950804162724692,
  "last_train_loss": 0.08452284670993686,
  "threshold": 0.3,
  "empty_prediction_fallback": "top1",
  "training_time_seconds": 44.0530992669992,
  "training_time_minutes": 0.7342183211166533
}