{
  "run_config": {
    "method": "TF-IDF + LinearSVC",
    "language": "en",
    "train_rows": 4000,
    "test_rows": 300,
    "max_features": 10000,
    "alpha": 0.0001,
    "random_state": 42
  },
  "metrics": {
    "micro_f1": 0.7187894073139974,
    "macro_f1": 0.7189821900889044,
    "weighted_f1": 0.7192325156655368,
    "subset_accuracy": 0.63
  },
  "per_label_f1": {
    "SDG_1": 0.7083333333333334,
    "SDG_2": 0.7222222222222222,
    "SDG_3": 0.7692307692307693,
    "SDG_4": 0.7037037037037037,
    "SDG_5": 0.7272727272727273,
    "SDG_6": 0.7142857142857143,
    "SDG_7": 0.75,
    "SDG_8": 0.7297297297297297,
    "SDG_9": 0.7619047619047619,
    "SDG_10": 0.6557377049180327,
    "SDG_11": 0.7272727272727273,
    "SDG_12": 0.6829268292682927,
    "SDG_13": 0.6938775510204082,
    "SDG_14": 0.7777777777777778,
    "SDG_15": 0.6086956521739131,
    "SDG_16": 0.75,
    "SDG_17": 0.7397260273972602
  },
  "train_metrics": {
    "micro_f1": 0.966331198536139,
    "macro_f1": 0.9673824885594051,
    "weighted_f1": 0.9663382950560602,
    "subset_accuracy": 0.93125
  }
}