{
  "schema_version": 1,
  "model_type": "bert",
  "artifact_id": "bert_train4000_seed46",
  "created_at": "2026-05-07T00:14:20",
  "seed": 46,
  "train_size": 4000,
  "test_seed": 43,
  "test_samples": null,
  "language": "en",
  "paths": {
    "artifact_dir": "artifacts/bert_train4000_seed46",
    "checkpoint": "artifacts/bert_train4000_seed46/runs/20260507_001419/model.pt",
    "results": "artifacts/bert_train4000_seed46/results.json",
    "run_dir": "artifacts/bert_train4000_seed46/runs/20260507_001419"
  },
  "metrics": {
    "micro_f1": 0.7182061579651942,
    "macro_f1": 0.7081260580117151,
    "weighted_f1": 0.7174765704854839,
    "subset_accuracy": 0.6877956480605487,
    "per_label_f1": {
      "1": 0.6792452830188679,
      "2": 0.7321428571428571,
      "3": 0.7195121951219512,
      "4": 0.7087378640776699,
      "5": 0.6451612903225806,
      "6": 0.7244094488188977,
      "7": 0.6666666666666666,
      "8": 0.7058823529411765,
      "9": 0.7204301075268817,
      "10": 0.7279411764705882,
      "11": 0.7727272727272727,
      "12": 0.6703910614525139,
      "13": 0.7794871794871795,
      "14": 0.65625,
      "15": 0.7008547008547008,
      "16": 0.6772486772486772,
      "17": 0.7510548523206751
    },
    "average_true_labels": 1.4408703878902553,
    "average_predicted_labels": 1.3859981078524124,
    "last_train_loss": 0.08456811456009745,
    "threshold": 0.3,
    "empty_prediction_fallback": "top1",
    "training_time_seconds": 44.56868252700042,
    "training_time_minutes": 0.742811375450007
  },
  "run_config": {
    "run_id": "20260507_001419",
    "timestamp": "20260507_001419",
    "mode": "train_eval",
    "command": "python /home/manh/study-BHam/AI4GC-2/scripts/train.py --seeds 42 43 44 45 46 --train-sizes 1000 2000 4000 --language en --test-seed 43 --device cuda --force",
    "model_name": "sentence-transformers/all-MiniLM-L6-v2",
    "num_labels": 17,
    "label_names": [
      "SDG_1",
      "SDG_2",
      "SDG_3",
      "SDG_4",
      "SDG_5",
      "SDG_6",
      "SDG_7",
      "SDG_8",
      "SDG_9",
      "SDG_10",
      "SDG_11",
      "SDG_12",
      "SDG_13",
      "SDG_14",
      "SDG_15",
      "SDG_16",
      "SDG_17"
    ],
    "data_dir": "/home/manh/study-BHam/AI4GC-2/data",
    "dataset_source": "/home/manh/study-BHam/AI4GC-2/data",
    "language": "en",
    "train_limit": 4000,
    "test_limit": 1470,
    "train_rows": 4000,
    "test_rows": 1057,
    "epochs": 3,
    "batch_size": 8,
    "max_length": 128,
    "learning_rate": 5e-05,
    "threshold": 0.3,
    "unfrozen_layers": 2,
    "trainable_encoder_layers": 2,
    "unfreeze_encoder": false,
    "encoder_trainable_mode": "last_2_layers",
    "trainable_params": 3555473,
    "seed": 46,
    "test_seed": 43,
    "device": "cuda",
    "run_dir": "/home/manh/study-BHam/AI4GC-2/artifacts/bert_train4000_seed46/runs/20260507_001419",
    "checkpoint_loaded_from": null,
    "python_version": "3.10.20 | packaged by conda-forge | (main, Mar  5 2026, 16:42:22) [GCC 14.3.0]",
    "torch_version": "2.5.1+cu121",
    "transformers_version": "5.8.0",
    "sklearn_version": "1.7.2",
    "attention_note": "Last-layer CLS attention averaged over heads; proxy explanation only.",
    "timing": {
      "training_time_seconds": 44.56868252700042,
      "training_time_minutes": 0.742811375450007
    }
  },
  "timing": {
    "training_time_seconds": 44.56868252700042,
    "training_time_minutes": 0.742811375450007
  }
}