{
  "micro_f1": 0.663356504468719,
  "macro_f1": 0.6459455182608509,
  "weighted_f1": 0.6601106113339892,
  "subset_accuracy": 0.6233333333333333,
  "per_label_f1": {
    "1": 0.5660377358490566,
    "2": 0.6153846153846154,
    "3": 0.5333333333333333,
    "4": 0.7619047619047619,
    "5": 0.5555555555555556,
    "6": 0.65,
    "7": 0.6666666666666666,
    "8": 0.6842105263157895,
    "9": 0.6865671641791045,
    "10": 0.723404255319149,
    "11": 0.6875,
    "12": 0.75,
    "13": 0.6944444444444444,
    "14": 0.5882352941176471,
    "15": 0.6511627906976745,
    "16": 0.5,
    "17": 0.6666666666666666
  },
  "average_true_labels": 1.63,
  "average_predicted_labels": 1.7266666666666666,
  "last_train_loss": 0.11525333435833454,
  "threshold": 0.3,
  "empty_prediction_fallback": "top1",
  "training_time_seconds": 22.628423092999583,
  "training_time_minutes": 0.3771403848833264
}