{
  "schema_version": 1,
  "model_type": "bert",
  "artifact_id": "bert_train4000_seed42",
  "created_at": "2026-05-07T00:10:59",
  "seed": 42,
  "train_size": 4000,
  "test_seed": 43,
  "test_samples": null,
  "language": "en",
  "paths": {
    "artifact_dir": "artifacts/bert_train4000_seed42",
    "checkpoint": "artifacts/bert_train4000_seed42/runs/20260507_001058/model.pt",
    "results": "artifacts/bert_train4000_seed42/results.json",
    "run_dir": "artifacts/bert_train4000_seed42/runs/20260507_001058"
  },
  "metrics": {
    "micro_f1": 0.714240203886588,
    "macro_f1": 0.703320835112371,
    "weighted_f1": 0.7123550491285022,
    "subset_accuracy": 0.6641438032166509,
    "per_label_f1": {
      "1": 0.6451612903225806,
      "2": 0.7154471544715447,
      "3": 0.6744186046511628,
      "4": 0.7373737373737373,
      "5": 0.6363636363636364,
      "6": 0.6911764705882353,
      "7": 0.6436781609195402,
      "8": 0.7063492063492064,
      "9": 0.7567567567567568,
      "10": 0.7013888888888888,
      "11": 0.7783505154639175,
      "12": 0.6666666666666666,
      "13": 0.7487179487179487,
      "14": 0.711864406779661,
      "15": 0.6991869918699187,
      "16": 0.7085714285714285,
      "17": 0.734982332155477
    },
    "average_true_labels": 1.4408703878902553,
    "average_predicted_labels": 1.5288552507095554,
    "last_train_loss": 0.08651172479987145,
    "threshold": 0.3,
    "empty_prediction_fallback": "top1",
    "training_time_seconds": 44.17543661699892,
    "training_time_minutes": 0.736257276949982
  },
  "run_config": {
    "run_id": "20260507_001058",
    "timestamp": "20260507_001058",
    "mode": "train_eval",
    "command": "python /home/manh/study-BHam/AI4GC-2/scripts/train.py --seeds 42 43 44 45 46 --train-sizes 1000 2000 4000 --language en --test-seed 43 --device cuda --force",
    "model_name": "sentence-transformers/all-MiniLM-L6-v2",
    "num_labels": 17,
    "label_names": [
      "SDG_1",
      "SDG_2",
      "SDG_3",
      "SDG_4",
      "SDG_5",
      "SDG_6",
      "SDG_7",
      "SDG_8",
      "SDG_9",
      "SDG_10",
      "SDG_11",
      "SDG_12",
      "SDG_13",
      "SDG_14",
      "SDG_15",
      "SDG_16",
      "SDG_17"
    ],
    "data_dir": "/home/manh/study-BHam/AI4GC-2/data",
    "dataset_source": "/home/manh/study-BHam/AI4GC-2/data",
    "language": "en",
    "train_limit": 4000,
    "test_limit": 1470,
    "train_rows": 4000,
    "test_rows": 1057,
    "epochs": 3,
    "batch_size": 8,
    "max_length": 128,
    "learning_rate": 5e-05,
    "threshold": 0.3,
    "unfrozen_layers": 2,
    "trainable_encoder_layers": 2,
    "unfreeze_encoder": false,
    "encoder_trainable_mode": "last_2_layers",
    "trainable_params": 3555473,
    "seed": 42,
    "test_seed": 43,
    "device": "cuda",
    "run_dir": "/home/manh/study-BHam/AI4GC-2/artifacts/bert_train4000_seed42/runs/20260507_001058",
    "checkpoint_loaded_from": null,
    "python_version": "3.10.20 | packaged by conda-forge | (main, Mar  5 2026, 16:42:22) [GCC 14.3.0]",
    "torch_version": "2.5.1+cu121",
    "transformers_version": "5.8.0",
    "sklearn_version": "1.7.2",
    "attention_note": "Last-layer CLS attention averaged over heads; proxy explanation only.",
    "timing": {
      "training_time_seconds": 44.17543661699892,
      "training_time_minutes": 0.736257276949982
    }
  },
  "timing": {
    "training_time_seconds": 44.17543661699892,
    "training_time_minutes": 0.736257276949982
  }
}