{
  "schema_version": 1,
  "model_type": "bert",
  "artifact_id": "bert_train2000_seed44",
  "created_at": "2026-05-07T00:09:15",
  "seed": 44,
  "train_size": 2000,
  "test_seed": 43,
  "test_samples": null,
  "language": "en",
  "paths": {
    "artifact_dir": "artifacts/bert_train2000_seed44",
    "checkpoint": "artifacts/bert_train2000_seed44/runs/20260507_000914/model.pt",
    "results": "artifacts/bert_train2000_seed44/results.json",
    "run_dir": "artifacts/bert_train2000_seed44/runs/20260507_000914"
  },
  "metrics": {
    "micro_f1": 0.7009063444108762,
    "macro_f1": 0.6944512713983861,
    "weighted_f1": 0.6996919042009643,
    "subset_accuracy": 0.6584673604541155,
    "per_label_f1": {
      "1": 0.5847953216374269,
      "2": 0.6896551724137931,
      "3": 0.6705202312138728,
      "4": 0.7659574468085106,
      "5": 0.6046511627906976,
      "6": 0.7663551401869159,
      "7": 0.6753246753246753,
      "8": 0.691358024691358,
      "9": 0.7473684210526316,
      "10": 0.6993006993006993,
      "11": 0.7578947368421053,
      "12": 0.6666666666666666,
      "13": 0.7115384615384616,
      "14": 0.7037037037037037,
      "15": 0.7256637168141593,
      "16": 0.64,
      "17": 0.7049180327868853
    },
    "average_true_labels": 1.4408703878902553,
    "average_predicted_labels": 1.3774834437086092,
    "last_train_loss": 0.11754364132881165,
    "threshold": 0.3,
    "empty_prediction_fallback": "top1",
    "training_time_seconds": 22.117123632000585,
    "training_time_minutes": 0.36861872720000977
  },
  "run_config": {
    "run_id": "20260507_000914",
    "timestamp": "20260507_000914",
    "mode": "train_eval",
    "command": "python /home/manh/study-BHam/AI4GC-2/scripts/train.py --seeds 42 43 44 45 46 --train-sizes 1000 2000 4000 --language en --test-seed 43 --device cuda --force",
    "model_name": "sentence-transformers/all-MiniLM-L6-v2",
    "num_labels": 17,
    "label_names": [
      "SDG_1",
      "SDG_2",
      "SDG_3",
      "SDG_4",
      "SDG_5",
      "SDG_6",
      "SDG_7",
      "SDG_8",
      "SDG_9",
      "SDG_10",
      "SDG_11",
      "SDG_12",
      "SDG_13",
      "SDG_14",
      "SDG_15",
      "SDG_16",
      "SDG_17"
    ],
    "data_dir": "/home/manh/study-BHam/AI4GC-2/data",
    "dataset_source": "/home/manh/study-BHam/AI4GC-2/data",
    "language": "en",
    "train_limit": 2000,
    "test_limit": 1470,
    "train_rows": 2000,
    "test_rows": 1057,
    "epochs": 3,
    "batch_size": 8,
    "max_length": 128,
    "learning_rate": 5e-05,
    "threshold": 0.3,
    "unfrozen_layers": 2,
    "trainable_encoder_layers": 2,
    "unfreeze_encoder": false,
    "encoder_trainable_mode": "last_2_layers",
    "trainable_params": 3555473,
    "seed": 44,
    "test_seed": 43,
    "device": "cuda",
    "run_dir": "/home/manh/study-BHam/AI4GC-2/artifacts/bert_train2000_seed44/runs/20260507_000914",
    "checkpoint_loaded_from": null,
    "python_version": "3.10.20 | packaged by conda-forge | (main, Mar  5 2026, 16:42:22) [GCC 14.3.0]",
    "torch_version": "2.5.1+cu121",
    "transformers_version": "5.8.0",
    "sklearn_version": "1.7.2",
    "attention_note": "Last-layer CLS attention averaged over heads; proxy explanation only.",
    "timing": {
      "training_time_seconds": 22.117123632000585,
      "training_time_minutes": 0.36861872720000977
    }
  },
  "timing": {
    "training_time_seconds": 22.117123632000585,
    "training_time_minutes": 0.36861872720000977
  }
}