{
  "micro_f1": 0.6803455723542117,
  "macro_f1": 0.6561069315844454,
  "weighted_f1": 0.6750432164445715,
  "subset_accuracy": 0.6433333333333333,
  "per_label_f1": {
    "1": 0.5490196078431373,
    "2": 0.5853658536585366,
    "3": 0.5714285714285714,
    "4": 0.8275862068965517,
    "5": 0.48484848484848486,
    "6": 0.6666666666666666,
    "7": 0.6666666666666666,
    "8": 0.65625,
    "9": 0.6666666666666666,
    "10": 0.7472527472527473,
    "11": 0.7666666666666667,
    "12": 0.7333333333333333,
    "13": 0.7058823529411765,
    "14": 0.5882352941176471,
    "15": 0.717948717948718,
    "16": 0.5,
    "17": 0.72
  },
  "average_true_labels": 1.63,
  "average_predicted_labels": 1.4566666666666668,
  "last_train_loss": 0.11754364132881165,
  "threshold": 0.3,
  "empty_prediction_fallback": "top1",
  "training_time_seconds": 23.823754852001002,
  "training_time_minutes": 0.3970625808666834
}