{
  "micro_f1": 0.6694915254237288,
  "macro_f1": 0.6652702141825741,
  "weighted_f1": 0.6686876394413765,
  "subset_accuracy": 0.6556291390728477,
  "per_label_f1": {
    "1": 0.6329113924050633,
    "2": 0.7008547008547008,
    "3": 0.6473988439306358,
    "4": 0.7570621468926554,
    "5": 0.5842696629213483,
    "6": 0.7522935779816514,
    "7": 0.5714285714285714,
    "8": 0.672566371681416,
    "9": 0.6120689655172413,
    "10": 0.6424870466321243,
    "11": 0.7213114754098361,
    "12": 0.6405228758169934,
    "13": 0.7010309278350515,
    "14": 0.6666666666666666,
    "15": 0.7457627118644068,
    "16": 0.6035502958579881,
    "17": 0.6574074074074074
  },
  "average_true_labels": 1.4408703878902553,
  "average_predicted_labels": 1.2384105960264902,
  "last_train_loss": 0.16589275962114333,
  "threshold": 0.3,
  "empty_prediction_fallback": "top1",
  "training_time_seconds": 11.903661678999924,
  "training_time_minutes": 0.1983943613166654
}