{
  "run_config": {
    "method": "TF-IDF + linear SVM-style baseline",
    "language": "en",
    "data_dir": "/home/manh/study-BHam/AI4GC-2/data",
    "output_dir": "/home/manh/study-BHam/AI4GC-2/artifacts/tfidf_train2000_seed45",
    "source_train_rows": 4225,
    "source_test_rows": 1057,
    "train_rows": 2000,
    "test_rows": 1057,
    "train_limit": 2000,
    "test_limit": 1470,
    "sampling": "coverage_aware_by_sdg",
    "max_features": 10000,
    "alpha": 0.0001,
    "random_state": 45,
    "test_random_state": 43
  },
  "metrics": {
    "micro_f1": 0.6875,
    "macro_f1": 0.6854463001790227,
    "weighted_f1": 0.6871255498288747,
    "subset_accuracy": 0.5666982024597919
  },
  "per_label_f1": {
    "SDG_1": 0.6582278481012658,
    "SDG_2": 0.7241379310344828,
    "SDG_3": 0.6941176470588235,
    "SDG_4": 0.7081339712918661,
    "SDG_5": 0.6666666666666666,
    "SDG_6": 0.7735849056603774,
    "SDG_7": 0.6086956521739131,
    "SDG_8": 0.7148014440433214,
    "SDG_9": 0.6735751295336787,
    "SDG_10": 0.6068376068376068,
    "SDG_11": 0.7277628032345014,
    "SDG_12": 0.6666666666666666,
    "SDG_13": 0.6564102564102564,
    "SDG_14": 0.676923076923077,
    "SDG_15": 0.693069306930693,
    "SDG_16": 0.7125,
    "SDG_17": 0.6904761904761905
  },
  "train_metrics": {
    "micro_f1": 0.9622504537205082,
    "macro_f1": 0.9637136603347022,
    "weighted_f1": 0.9622991983456498,
    "subset_accuracy": 0.92
  },
  "timing": {
    "training_time_seconds": 2.688574594000329,
    "training_time_minutes": 0.04480957656667215
  }
}