{
  "schema_version": 1,
  "model_type": "bert",
  "artifact_id": "bert_train2000_seed46",
  "created_at": "2026-05-07T00:10:09",
  "seed": 46,
  "train_size": 2000,
  "test_seed": 43,
  "test_samples": null,
  "language": "en",
  "paths": {
    "artifact_dir": "artifacts/bert_train2000_seed46",
    "checkpoint": "artifacts/bert_train2000_seed46/runs/20260507_001008/model.pt",
    "results": "artifacts/bert_train2000_seed46/results.json",
    "run_dir": "artifacts/bert_train2000_seed46/runs/20260507_001008"
  },
  "metrics": {
    "micro_f1": 0.6936050597329585,
    "macro_f1": 0.690246922866272,
    "weighted_f1": 0.6914391171596092,
    "subset_accuracy": 0.6792809839167455,
    "per_label_f1": {
      "1": 0.6164383561643836,
      "2": 0.6902654867256637,
      "3": 0.6666666666666666,
      "4": 0.7542857142857143,
      "5": 0.6419753086419753,
      "6": 0.7678571428571429,
      "7": 0.6582278481012658,
      "8": 0.6545454545454545,
      "9": 0.6774193548387096,
      "10": 0.680161943319838,
      "11": 0.7479674796747967,
      "12": 0.6282051282051282,
      "13": 0.7263157894736842,
      "14": 0.7017543859649122,
      "15": 0.7586206896551724,
      "16": 0.6549707602339181,
      "17": 0.7085201793721974
    },
    "average_true_labels": 1.4408703878902553,
    "average_predicted_labels": 1.2516556291390728,
    "last_train_loss": 0.11317601220309734,
    "threshold": 0.3,
    "empty_prediction_fallback": "top1",
    "training_time_seconds": 22.224632449000637,
    "training_time_minutes": 0.3704105408166773
  },
  "run_config": {
    "run_id": "20260507_001008",
    "timestamp": "20260507_001008",
    "mode": "train_eval",
    "command": "python /home/manh/study-BHam/AI4GC-2/scripts/train.py --seeds 42 43 44 45 46 --train-sizes 1000 2000 4000 --language en --test-seed 43 --device cuda --force",
    "model_name": "sentence-transformers/all-MiniLM-L6-v2",
    "num_labels": 17,
    "label_names": [
      "SDG_1",
      "SDG_2",
      "SDG_3",
      "SDG_4",
      "SDG_5",
      "SDG_6",
      "SDG_7",
      "SDG_8",
      "SDG_9",
      "SDG_10",
      "SDG_11",
      "SDG_12",
      "SDG_13",
      "SDG_14",
      "SDG_15",
      "SDG_16",
      "SDG_17"
    ],
    "data_dir": "/home/manh/study-BHam/AI4GC-2/data",
    "dataset_source": "/home/manh/study-BHam/AI4GC-2/data",
    "language": "en",
    "train_limit": 2000,
    "test_limit": 1470,
    "train_rows": 2000,
    "test_rows": 1057,
    "epochs": 3,
    "batch_size": 8,
    "max_length": 128,
    "learning_rate": 5e-05,
    "threshold": 0.3,
    "unfrozen_layers": 2,
    "trainable_encoder_layers": 2,
    "unfreeze_encoder": false,
    "encoder_trainable_mode": "last_2_layers",
    "trainable_params": 3555473,
    "seed": 46,
    "test_seed": 43,
    "device": "cuda",
    "run_dir": "/home/manh/study-BHam/AI4GC-2/artifacts/bert_train2000_seed46/runs/20260507_001008",
    "checkpoint_loaded_from": null,
    "python_version": "3.10.20 | packaged by conda-forge | (main, Mar  5 2026, 16:42:22) [GCC 14.3.0]",
    "torch_version": "2.5.1+cu121",
    "transformers_version": "5.8.0",
    "sklearn_version": "1.7.2",
    "attention_note": "Last-layer CLS attention averaged over heads; proxy explanation only.",
    "timing": {
      "training_time_seconds": 22.224632449000637,
      "training_time_minutes": 0.3704105408166773
    }
  },
  "timing": {
    "training_time_seconds": 22.224632449000637,
    "training_time_minutes": 0.3704105408166773
  }
}