{
  "run_config": {
    "method": "TF-IDF + linear SVM-style baseline",
    "language": "en",
    "data_dir": "/home/manh/study-BHam/AI4GC-2/data",
    "output_dir": "/home/manh/study-BHam/AI4GC-2/artifacts/tfidf_train4000_seed43",
    "source_train_rows": 4225,
    "source_test_rows": 1057,
    "train_rows": 4000,
    "test_rows": 1057,
    "train_limit": 4000,
    "test_limit": 1470,
    "sampling": "coverage_aware_by_sdg",
    "max_features": 10000,
    "alpha": 0.0001,
    "random_state": 43,
    "test_random_state": 43
  },
  "metrics": {
    "micro_f1": 0.700278164116829,
    "macro_f1": 0.7004390819420317,
    "weighted_f1": 0.6996453628037648,
    "subset_accuracy": 0.5912961210974456
  },
  "per_label_f1": {
    "SDG_1": 0.6593406593406593,
    "SDG_2": 0.7413793103448276,
    "SDG_3": 0.7272727272727273,
    "SDG_4": 0.7486631016042781,
    "SDG_5": 0.7380952380952381,
    "SDG_6": 0.7358490566037735,
    "SDG_7": 0.6236559139784946,
    "SDG_8": 0.6666666666666666,
    "SDG_9": 0.7087378640776699,
    "SDG_10": 0.5922330097087378,
    "SDG_11": 0.7398843930635838,
    "SDG_12": 0.6633663366336634,
    "SDG_13": 0.6810810810810811,
    "SDG_14": 0.7,
    "SDG_15": 0.7155963302752294,
    "SDG_16": 0.7337278106508875,
    "SDG_17": 0.7319148936170212
  },
  "train_metrics": {
    "micro_f1": 0.9637826961770624,
    "macro_f1": 0.9642582734028222,
    "weighted_f1": 0.9637993208151991,
    "subset_accuracy": 0.92725
  },
  "timing": {
    "training_time_seconds": 4.958226912999635,
    "training_time_minutes": 0.08263711521666058
  }
}