Feature,Importance
regional_score,0.2965725237339371
sdg_score,0.258402299348465
spillover_score,0.20908320088388754
progress,0.19618262625990196
population,0.03975934977380851
