{
  "micro_f1": 0.714240203886588,
  "macro_f1": 0.703320835112371,
  "weighted_f1": 0.7123550491285022,
  "subset_accuracy": 0.6641438032166509,
  "per_label_f1": {
    "1": 0.6451612903225806,
    "2": 0.7154471544715447,
    "3": 0.6744186046511628,
    "4": 0.7373737373737373,
    "5": 0.6363636363636364,
    "6": 0.6911764705882353,
    "7": 0.6436781609195402,
    "8": 0.7063492063492064,
    "9": 0.7567567567567568,
    "10": 0.7013888888888888,
    "11": 0.7783505154639175,
    "12": 0.6666666666666666,
    "13": 0.7487179487179487,
    "14": 0.711864406779661,
    "15": 0.6991869918699187,
    "16": 0.7085714285714285,
    "17": 0.734982332155477
  },
  "average_true_labels": 1.4408703878902553,
  "average_predicted_labels": 1.5288552507095554,
  "last_train_loss": 0.08651172479987145,
  "threshold": 0.3,
  "empty_prediction_fallback": "top1",
  "training_time_seconds": 44.17543661699892,
  "training_time_minutes": 0.736257276949982
}