{
  "micro_f1": 0.6642335766423357,
  "macro_f1": 0.660939010976421,
  "weighted_f1": 0.6642273523410899,
  "subset_accuracy": 0.5969725638599811,
  "per_label_f1": {
    "1": 0.5945945945945946,
    "2": 0.6964285714285714,
    "3": 0.631578947368421,
    "4": 0.7540983606557377,
    "5": 0.5473684210526316,
    "6": 0.7272727272727273,
    "7": 0.6842105263157895,
    "8": 0.6165413533834586,
    "9": 0.74,
    "10": 0.6861924686192469,
    "11": 0.69377990430622,
    "12": 0.5977011494252874,
    "13": 0.708994708994709,
    "14": 0.5846153846153846,
    "15": 0.7547169811320755,
    "16": 0.5824175824175825,
    "17": 0.6354515050167224
  },
  "average_true_labels": 1.4408703878902553,
  "average_predicted_labels": 1.4105960264900663,
  "last_train_loss": 0.15994897770881653,
  "threshold": 0.3,
  "empty_prediction_fallback": "top1",
  "training_time_seconds": 11.826556521000384,
  "training_time_minutes": 0.1971092753500064
}