{
  "run_config": {
    "method": "TF-IDF + linear SVM-style baseline",
    "language": "en",
    "data_dir": "/home/manh/study-BHam/AI4GC-2/data",
    "output_dir": "/home/manh/study-BHam/AI4GC-2/artifacts/tfidf_train2000_seed42",
    "source_train_rows": 4225,
    "source_test_rows": 1057,
    "train_rows": 2000,
    "test_rows": 1057,
    "train_limit": 2000,
    "test_limit": 1470,
    "sampling": "coverage_aware_by_sdg",
    "max_features": 10000,
    "alpha": 0.0001,
    "random_state": 42,
    "test_random_state": 43
  },
  "metrics": {
    "micro_f1": 0.6767574840228725,
    "macro_f1": 0.6713519237691007,
    "weighted_f1": 0.6777576782619574,
    "subset_accuracy": 0.575212866603595
  },
  "per_label_f1": {
    "SDG_1": 0.6666666666666666,
    "SDG_2": 0.7478260869565218,
    "SDG_3": 0.6705202312138728,
    "SDG_4": 0.7301587301587301,
    "SDG_5": 0.6521739130434783,
    "SDG_6": 0.5637583892617449,
    "SDG_7": 0.6436781609195402,
    "SDG_8": 0.6696428571428571,
    "SDG_9": 0.6550218340611353,
    "SDG_10": 0.6666666666666666,
    "SDG_11": 0.723404255319149,
    "SDG_12": 0.6467065868263473,
    "SDG_13": 0.6666666666666666,
    "SDG_14": 0.65625,
    "SDG_15": 0.639344262295082,
    "SDG_16": 0.7272727272727273,
    "SDG_17": 0.6872246696035242
  },
  "train_metrics": {
    "micro_f1": 0.9594082626736424,
    "macro_f1": 0.9599451103088521,
    "weighted_f1": 0.9593421349123038,
    "subset_accuracy": 0.918
  },
  "timing": {
    "training_time_seconds": 3.1218120880000697,
    "training_time_minutes": 0.05203020146666783
  }
}