{
  "run_config": {
    "method": "TF-IDF + LinearSVC",
    "language": "en",
    "data_dir": "/home/manh/study-BHam/AI4GC-2/data",
    "output_dir": "/home/manh/study-BHam/AI4GC-2/artifacts/tfidf_train2000_seed42",
    "source_train_rows": 4225,
    "source_test_rows": 1057,
    "train_rows": 2000,
    "test_rows": 1057,
    "train_limit": 2000,
    "test_limit": 1470,
    "max_features": 10000,
    "alpha": 0.0001,
    "random_state": 42,
    "test_random_state": 43
  },
  "metrics": {
    "micro_f1": 0.6828282828282828,
    "macro_f1": 0.6857029475300317,
    "weighted_f1": 0.6819764120810307,
    "subset_accuracy": 0.5648060548722801
  },
  "per_label_f1": {
    "SDG_1": 0.5909090909090909,
    "SDG_2": 0.7433628318584071,
    "SDG_3": 0.6951219512195121,
    "SDG_4": 0.7081339712918661,
    "SDG_5": 0.7111111111111111,
    "SDG_6": 0.7522935779816514,
    "SDG_7": 0.651685393258427,
    "SDG_8": 0.6339285714285714,
    "SDG_9": 0.6923076923076923,
    "SDG_10": 0.6293103448275862,
    "SDG_11": 0.7044776119402985,
    "SDG_12": 0.6628571428571428,
    "SDG_13": 0.7019230769230769,
    "SDG_14": 0.7096774193548387,
    "SDG_15": 0.6557377049180327,
    "SDG_16": 0.717391304347826,
    "SDG_17": 0.6967213114754098
  },
  "train_metrics": {
    "micro_f1": 0.9602479941648432,
    "macro_f1": 0.960672311836021,
    "weighted_f1": 0.9602989069307624,
    "subset_accuracy": 0.919
  },
  "timing": {
    "training_time_seconds": 2.446161882000524,
    "training_time_minutes": 0.040769364700008734
  }
}