{
  "micro_f1": 0.610917537746806,
  "macro_f1": 0.5952383892163565,
  "weighted_f1": 0.6036409425411539,
  "subset_accuracy": 0.6066666666666667,
  "per_label_f1": {
    "1": 0.5454545454545454,
    "2": 0.5263157894736842,
    "3": 0.4864864864864865,
    "4": 0.7272727272727273,
    "5": 0.45714285714285713,
    "6": 0.6470588235294118,
    "7": 0.6153846153846154,
    "8": 0.6086956521739131,
    "9": 0.6779661016949152,
    "10": 0.48148148148148145,
    "11": 0.6456692913385826,
    "12": 0.6037735849056604,
    "13": 0.7384615384615385,
    "14": 0.5882352941176471,
    "15": 0.6829268292682927,
    "16": 0.41025641025641024,
    "17": 0.6764705882352942
  },
  "average_true_labels": 1.63,
  "average_predicted_labels": 1.24,
  "last_train_loss": 0.16595655250549315,
  "threshold": 0.3,
  "empty_prediction_fallback": "top1",
  "training_time_seconds": 11.48590213100033,
  "training_time_minutes": 0.19143170218333883
}