{
  "micro_f1": 0.6259378349410504,
  "macro_f1": 0.6090720905214964,
  "weighted_f1": 0.6229928141950621,
  "subset_accuracy": 0.5733333333333334,
  "per_label_f1": {
    "1": 0.5,
    "2": 0.631578947368421,
    "3": 0.5,
    "4": 0.7368421052631579,
    "5": 0.3888888888888889,
    "6": 0.6285714285714286,
    "7": 0.6666666666666666,
    "8": 0.5833333333333334,
    "9": 0.6865671641791045,
    "10": 0.6666666666666666,
    "11": 0.6870229007633588,
    "12": 0.6,
    "13": 0.7540983606557377,
    "14": 0.5263157894736842,
    "15": 0.7567567567567568,
    "16": 0.425531914893617,
    "17": 0.6153846153846154
  },
  "average_true_labels": 1.63,
  "average_predicted_labels": 1.48,
  "last_train_loss": 0.15994897770881653,
  "threshold": 0.3,
  "empty_prediction_fallback": "top1",
  "training_time_seconds": 11.10571562199948,
  "training_time_minutes": 0.185095260366658
}