{
  "micro_f1": 0.6996770721205597,
  "macro_f1": 0.6772743211780679,
  "weighted_f1": 0.6944041150808756,
  "subset_accuracy": 0.6566666666666666,
  "per_label_f1": {
    "1": 0.6122448979591837,
    "2": 0.65,
    "3": 0.6222222222222222,
    "4": 0.8,
    "5": 0.48484848484848486,
    "6": 0.6190476190476191,
    "7": 0.6666666666666666,
    "8": 0.71875,
    "9": 0.6666666666666666,
    "10": 0.7692307692307693,
    "11": 0.7419354838709677,
    "12": 0.7457627118644068,
    "13": 0.7058823529411765,
    "14": 0.5882352941176471,
    "15": 0.7368421052631579,
    "16": 0.6285714285714286,
    "17": 0.7567567567567568
  },
  "average_true_labels": 1.63,
  "average_predicted_labels": 1.4666666666666666,
  "last_train_loss": 0.08456700433418154,
  "threshold": 0.3,
  "empty_prediction_fallback": "top1",
  "training_time_seconds": 46.005776816000434,
  "training_time_minutes": 0.7667629469333406
}