{
  "micro_f1": 0.6991701244813278,
  "macro_f1": 0.6760656321993372,
  "weighted_f1": 0.6925385219303791,
  "subset_accuracy": 0.6633333333333333,
  "per_label_f1": {
    "1": 0.5531914893617021,
    "2": 0.6341463414634146,
    "3": 0.6046511627906976,
    "4": 0.7936507936507936,
    "5": 0.48484848484848486,
    "6": 0.7111111111111111,
    "7": 0.6666666666666666,
    "8": 0.7164179104477612,
    "9": 0.676056338028169,
    "10": 0.7311827956989247,
    "11": 0.7868852459016393,
    "12": 0.7384615384615385,
    "13": 0.7301587301587301,
    "14": 0.6666666666666666,
    "15": 0.6666666666666666,
    "16": 0.5853658536585366,
    "17": 0.7469879518072289
  },
  "average_true_labels": 1.63,
  "average_predicted_labels": 1.5833333333333333,
  "last_train_loss": 0.08651172479987145,
  "threshold": 0.3,
  "empty_prediction_fallback": "top1",
  "training_time_seconds": 44.455813316000786,
  "training_time_minutes": 0.7409302219333465
}