{
  "run_config": {
    "method": "TF-IDF + LinearSVC",
    "language": "en",
    "data_dir": "/home/manh/study-BHam/AI4GC-2/data",
    "output_dir": "/home/manh/study-BHam/AI4GC-2/artifacts/tfidf_train4000_seed44",
    "source_train_rows": 4225,
    "source_test_rows": 1057,
    "train_rows": 4000,
    "test_rows": 1057,
    "train_limit": 4000,
    "test_limit": 1470,
    "max_features": 10000,
    "alpha": 0.0001,
    "random_state": 44,
    "test_random_state": 43
  },
  "metrics": {
    "micro_f1": 0.7029804727646455,
    "macro_f1": 0.6978703079822801,
    "weighted_f1": 0.7026216933138278,
    "subset_accuracy": 0.5988647114474929
  },
  "per_label_f1": {
    "SDG_1": 0.6783625730994152,
    "SDG_2": 0.6766917293233082,
    "SDG_3": 0.7283236994219653,
    "SDG_4": 0.7472527472527473,
    "SDG_5": 0.7191011235955056,
    "SDG_6": 0.6666666666666666,
    "SDG_7": 0.6451612903225806,
    "SDG_8": 0.6820276497695853,
    "SDG_9": 0.7281553398058253,
    "SDG_10": 0.6634146341463415,
    "SDG_11": 0.7362637362637363,
    "SDG_12": 0.6868686868686869,
    "SDG_13": 0.6881720430107527,
    "SDG_14": 0.7,
    "SDG_15": 0.65,
    "SDG_16": 0.7453416149068323,
    "SDG_17": 0.7219917012448133
  },
  "train_metrics": {
    "micro_f1": 0.9647468180569545,
    "macro_f1": 0.965726451218391,
    "weighted_f1": 0.964764080029017,
    "subset_accuracy": 0.92625
  },
  "timing": {
    "training_time_seconds": 4.3558570469995175,
    "training_time_minutes": 0.07259761744999196
  }
}