{
  "run_config": {
    "method": "TF-IDF + linear SVM-style baseline",
    "language": "en",
    "data_dir": "/home/manh/study-BHam/AI4GC-2/data",
    "output_dir": "/home/manh/study-BHam/AI4GC-2/artifacts/tfidf_train4000_seed44",
    "source_train_rows": 4225,
    "source_test_rows": 1057,
    "train_rows": 4000,
    "test_rows": 1057,
    "train_limit": 4000,
    "test_limit": 1470,
    "sampling": "coverage_aware_by_sdg",
    "max_features": 10000,
    "alpha": 0.0001,
    "random_state": 44,
    "test_random_state": 43
  },
  "metrics": {
    "micro_f1": 0.6963013233797082,
    "macro_f1": 0.6881897403250877,
    "weighted_f1": 0.6971220191159452,
    "subset_accuracy": 0.5884578997161779
  },
  "per_label_f1": {
    "SDG_1": 0.6585365853658537,
    "SDG_2": 0.773109243697479,
    "SDG_3": 0.7228915662650602,
    "SDG_4": 0.7195767195767195,
    "SDG_5": 0.7333333333333333,
    "SDG_6": 0.6153846153846154,
    "SDG_7": 0.6582278481012658,
    "SDG_8": 0.6694560669456067,
    "SDG_9": 0.7208121827411168,
    "SDG_10": 0.6276150627615062,
    "SDG_11": 0.7413793103448276,
    "SDG_12": 0.6781609195402298,
    "SDG_13": 0.6772486772486772,
    "SDG_14": 0.5454545454545454,
    "SDG_15": 0.65625,
    "SDG_16": 0.7325581395348837,
    "SDG_17": 0.7692307692307693
  },
  "train_metrics": {
    "micro_f1": 0.96654478976234,
    "macro_f1": 0.9667617292354743,
    "weighted_f1": 0.9665748102275944,
    "subset_accuracy": 0.929
  },
  "timing": {
    "training_time_seconds": 5.195871995999823,
    "training_time_minutes": 0.08659786659999706
  }
}