{
  "micro_f1": 0.6610398379473329,
  "macro_f1": 0.6577221381551511,
  "weighted_f1": 0.659230064387913,
  "subset_accuracy": 0.6291390728476821,
  "per_label_f1": {
    "1": 0.5833333333333334,
    "2": 0.7017543859649122,
    "3": 0.6503067484662577,
    "4": 0.7216494845360825,
    "5": 0.6265060240963856,
    "6": 0.7256637168141593,
    "7": 0.6842105263157895,
    "8": 0.6618705035971223,
    "9": 0.6282722513089005,
    "10": 0.5596707818930041,
    "11": 0.7439353099730458,
    "12": 0.6470588235294118,
    "13": 0.6764705882352942,
    "14": 0.6031746031746031,
    "15": 0.7238095238095238,
    "16": 0.5769230769230769,
    "17": 0.6666666666666666
  },
  "average_true_labels": 1.4408703878902553,
  "average_predicted_labels": 1.3614001892147587,
  "last_train_loss": 0.16616699969768525,
  "threshold": 0.3,
  "empty_prediction_fallback": "top1",
  "training_time_seconds": 11.130027739998695,
  "training_time_minutes": 0.18550046233331158
}