{
  "run_config": {
    "method": "TF-IDF + linear SVM-style baseline",
    "language": "en",
    "data_dir": "/home/manh/study-BHam/AI4GC-2/data",
    "output_dir": "/home/manh/study-BHam/AI4GC-2/artifacts/tfidf_train2000_seed44",
    "source_train_rows": 4225,
    "source_test_rows": 1057,
    "train_rows": 2000,
    "test_rows": 1057,
    "train_limit": 2000,
    "test_limit": 1470,
    "sampling": "coverage_aware_by_sdg",
    "max_features": 10000,
    "alpha": 0.0001,
    "random_state": 44,
    "test_random_state": 43
  },
  "metrics": {
    "micro_f1": 0.6668863261943987,
    "macro_f1": 0.6601030068641424,
    "weighted_f1": 0.6694867229412473,
    "subset_accuracy": 0.5477767265846736
  },
  "per_label_f1": {
    "SDG_1": 0.63,
    "SDG_2": 0.6779661016949152,
    "SDG_3": 0.6455696202531646,
    "SDG_4": 0.6731707317073171,
    "SDG_5": 0.7317073170731707,
    "SDG_6": 0.7090909090909091,
    "SDG_7": 0.5909090909090909,
    "SDG_8": 0.6715867158671587,
    "SDG_9": 0.7157894736842105,
    "SDG_10": 0.5776173285198556,
    "SDG_11": 0.7247191011235955,
    "SDG_12": 0.6395939086294417,
    "SDG_13": 0.6740331491712708,
    "SDG_14": 0.5,
    "SDG_15": 0.6260869565217392,
    "SDG_16": 0.7044025157232704,
    "SDG_17": 0.7295081967213115
  },
  "train_metrics": {
    "micro_f1": 0.9635088980765774,
    "macro_f1": 0.9640390790112576,
    "weighted_f1": 0.9635466592260119,
    "subset_accuracy": 0.924
  },
  "timing": {
    "training_time_seconds": 2.7842175679998036,
    "training_time_minutes": 0.04640362613333006
  }
}