{
  "run_config": {
    "method": "TF-IDF + LinearSVC",
    "language": "en",
    "data_dir": "/home/manh/study-BHam/AI4GC-2/data",
    "output_dir": "/home/manh/study-BHam/AI4GC-2/artifacts/tfidf_train2000_seed43",
    "source_train_rows": 4225,
    "source_test_rows": 1057,
    "train_rows": 2000,
    "test_rows": 1057,
    "train_limit": 2000,
    "test_limit": 1470,
    "max_features": 10000,
    "alpha": 0.0001,
    "random_state": 43,
    "test_random_state": 43
  },
  "metrics": {
    "micro_f1": 0.655792276964048,
    "macro_f1": 0.6490271707929375,
    "weighted_f1": 0.6591830514302365,
    "subset_accuracy": 0.5714285714285714
  },
  "per_label_f1": {
    "SDG_1": 0.5829145728643216,
    "SDG_2": 0.6991869918699187,
    "SDG_3": 0.6751592356687898,
    "SDG_4": 0.7540983606557377,
    "SDG_5": 0.6585365853658537,
    "SDG_6": 0.5866666666666667,
    "SDG_7": 0.6419753086419753,
    "SDG_8": 0.648854961832061,
    "SDG_9": 0.6666666666666666,
    "SDG_10": 0.5777777777777777,
    "SDG_11": 0.7034883720930233,
    "SDG_12": 0.6597938144329897,
    "SDG_13": 0.6326530612244898,
    "SDG_14": 0.4631578947368421,
    "SDG_15": 0.6792452830188679,
    "SDG_16": 0.6918238993710691,
    "SDG_17": 0.7114624505928854
  },
  "train_metrics": {
    "micro_f1": 0.9582792508807714,
    "macro_f1": 0.9578492445839529,
    "weighted_f1": 0.9582811931975068,
    "subset_accuracy": 0.917
  },
  "timing": {
    "training_time_seconds": 2.4574175660000037,
    "training_time_minutes": 0.0409569594333334
  }
}