{
  "run_config": {
    "method": "TF-IDF + linear SVM-style baseline",
    "language": "en",
    "data_dir": "/home/manh/study-BHam/AI4GC-2/data",
    "output_dir": "/home/manh/study-BHam/AI4GC-2/artifacts/tfidf_train2000_seed43",
    "source_train_rows": 4225,
    "source_test_rows": 1057,
    "train_rows": 2000,
    "test_rows": 1057,
    "train_limit": 2000,
    "test_limit": 1470,
    "sampling": "coverage_aware_by_sdg",
    "max_features": 10000,
    "alpha": 0.0001,
    "random_state": 43,
    "test_random_state": 43
  },
  "metrics": {
    "micro_f1": 0.681849082256968,
    "macro_f1": 0.6727019287857225,
    "weighted_f1": 0.6820163402040369,
    "subset_accuracy": 0.5846736045411542
  },
  "per_label_f1": {
    "SDG_1": 0.6503067484662577,
    "SDG_2": 0.7368421052631579,
    "SDG_3": 0.691358024691358,
    "SDG_4": 0.7849462365591398,
    "SDG_5": 0.6666666666666666,
    "SDG_6": 0.6229508196721312,
    "SDG_7": 0.574468085106383,
    "SDG_8": 0.6666666666666666,
    "SDG_9": 0.6231155778894473,
    "SDG_10": 0.6351931330472103,
    "SDG_11": 0.7506849315068493,
    "SDG_12": 0.6903553299492385,
    "SDG_13": 0.6850828729281768,
    "SDG_14": 0.5945945945945946,
    "SDG_15": 0.6605504587155964,
    "SDG_16": 0.7354838709677419,
    "SDG_17": 0.6666666666666666
  },
  "train_metrics": {
    "micro_f1": 0.9577464788732394,
    "macro_f1": 0.9588790125891262,
    "weighted_f1": 0.9578396660272749,
    "subset_accuracy": 0.9125
  },
  "timing": {
    "training_time_seconds": 2.866376892000062,
    "training_time_minutes": 0.04777294820000103
  }
}