{
  "schema_version": 1,
  "model_type": "bert",
  "artifact_id": "bert_train1000_seed42",
  "created_at": "2026-05-07T00:06:48",
  "seed": 42,
  "train_size": 1000,
  "test_seed": 43,
  "test_samples": null,
  "language": "en",
  "paths": {
    "artifact_dir": "artifacts/bert_train1000_seed42",
    "checkpoint": "artifacts/bert_train1000_seed42/runs/20260507_000648/model.pt",
    "results": "artifacts/bert_train1000_seed42/results.json",
    "run_dir": "artifacts/bert_train1000_seed42/runs/20260507_000648"
  },
  "metrics": {
    "micro_f1": 0.6694915254237288,
    "macro_f1": 0.6652702141825741,
    "weighted_f1": 0.6686876394413765,
    "subset_accuracy": 0.6556291390728477,
    "per_label_f1": {
      "1": 0.6329113924050633,
      "2": 0.7008547008547008,
      "3": 0.6473988439306358,
      "4": 0.7570621468926554,
      "5": 0.5842696629213483,
      "6": 0.7522935779816514,
      "7": 0.5714285714285714,
      "8": 0.672566371681416,
      "9": 0.6120689655172413,
      "10": 0.6424870466321243,
      "11": 0.7213114754098361,
      "12": 0.6405228758169934,
      "13": 0.7010309278350515,
      "14": 0.6666666666666666,
      "15": 0.7457627118644068,
      "16": 0.6035502958579881,
      "17": 0.6574074074074074
    },
    "average_true_labels": 1.4408703878902553,
    "average_predicted_labels": 1.2384105960264902,
    "last_train_loss": 0.16589275962114333,
    "threshold": 0.3,
    "empty_prediction_fallback": "top1",
    "training_time_seconds": 11.903661678999924,
    "training_time_minutes": 0.1983943613166654
  },
  "run_config": {
    "run_id": "20260507_000648",
    "timestamp": "20260507_000648",
    "mode": "train_eval",
    "command": "python /home/manh/study-BHam/AI4GC-2/scripts/train.py --seeds 42 43 44 45 46 --train-sizes 1000 2000 4000 --language en --test-seed 43 --device cuda --force",
    "model_name": "sentence-transformers/all-MiniLM-L6-v2",
    "num_labels": 17,
    "label_names": [
      "SDG_1",
      "SDG_2",
      "SDG_3",
      "SDG_4",
      "SDG_5",
      "SDG_6",
      "SDG_7",
      "SDG_8",
      "SDG_9",
      "SDG_10",
      "SDG_11",
      "SDG_12",
      "SDG_13",
      "SDG_14",
      "SDG_15",
      "SDG_16",
      "SDG_17"
    ],
    "data_dir": "/home/manh/study-BHam/AI4GC-2/data",
    "dataset_source": "/home/manh/study-BHam/AI4GC-2/data",
    "language": "en",
    "train_limit": 1000,
    "test_limit": 1470,
    "train_rows": 1000,
    "test_rows": 1057,
    "epochs": 3,
    "batch_size": 8,
    "max_length": 128,
    "learning_rate": 5e-05,
    "threshold": 0.3,
    "unfrozen_layers": 2,
    "trainable_encoder_layers": 2,
    "unfreeze_encoder": false,
    "encoder_trainable_mode": "last_2_layers",
    "trainable_params": 3555473,
    "seed": 42,
    "test_seed": 43,
    "device": "cuda",
    "run_dir": "/home/manh/study-BHam/AI4GC-2/artifacts/bert_train1000_seed42/runs/20260507_000648",
    "checkpoint_loaded_from": null,
    "python_version": "3.10.20 | packaged by conda-forge | (main, Mar  5 2026, 16:42:22) [GCC 14.3.0]",
    "torch_version": "2.5.1+cu121",
    "transformers_version": "5.8.0",
    "sklearn_version": "1.7.2",
    "attention_note": "Last-layer CLS attention averaged over heads; proxy explanation only.",
    "timing": {
      "training_time_seconds": 11.903661678999924,
      "training_time_minutes": 0.1983943613166654
    }
  },
  "timing": {
    "training_time_seconds": 11.903661678999924,
    "training_time_minutes": 0.1983943613166654
  }
}