{
  "micro_f1": 0.7200516628995802,
  "macro_f1": 0.7066531063435247,
  "weighted_f1": 0.7197224145376532,
  "subset_accuracy": 0.6726584673604541,
  "per_label_f1": {
    "1": 0.6708074534161491,
    "2": 0.7368421052631579,
    "3": 0.6820809248554913,
    "4": 0.7741935483870968,
    "5": 0.6534653465346535,
    "6": 0.6573426573426573,
    "7": 0.6419753086419753,
    "8": 0.7037037037037037,
    "9": 0.7788461538461539,
    "10": 0.7333333333333333,
    "11": 0.779291553133515,
    "12": 0.676923076923077,
    "13": 0.736318407960199,
    "14": 0.6363636363636364,
    "15": 0.7096774193548387,
    "16": 0.6900584795321637,
    "17": 0.7518796992481203
  },
  "average_true_labels": 1.4408703878902553,
  "average_predicted_labels": 1.489120151371807,
  "last_train_loss": 0.08499565171077847,
  "threshold": 0.3,
  "empty_prediction_fallback": "top1",
  "training_time_seconds": 44.548187420999966,
  "training_time_minutes": 0.7424697903499994
}