{
  "micro_f1": 0.64,
  "macro_f1": 0.6269042499072636,
  "weighted_f1": 0.6377611410784015,
  "subset_accuracy": 0.65,
  "per_label_f1": {
    "1": 0.5652173913043478,
    "2": 0.6666666666666666,
    "3": 0.5,
    "4": 0.8,
    "5": 0.48484848484848486,
    "6": 0.7027027027027027,
    "7": 0.5925925925925926,
    "8": 0.6129032258064516,
    "9": 0.6052631578947368,
    "10": 0.6666666666666666,
    "11": 0.7079646017699115,
    "12": 0.6274509803921569,
    "13": 0.6885245901639344,
    "14": 0.5882352941176471,
    "15": 0.7142857142857143,
    "16": 0.4888888888888889,
    "17": 0.6451612903225806
  },
  "average_true_labels": 1.63,
  "average_predicted_labels": 1.2866666666666666,
  "last_train_loss": 0.16589275962114333,
  "threshold": 0.3,
  "empty_prediction_fallback": "top1",
  "training_time_seconds": 12.230802378999215,
  "training_time_minutes": 0.20384670631665358
}