{
  "micro_f1": 0.6614699331848553,
  "macro_f1": 0.6424677473768673,
  "weighted_f1": 0.6574711456731414,
  "subset_accuracy": 0.6566666666666666,
  "per_label_f1": {
    "1": 0.5581395348837209,
    "2": 0.6666666666666666,
    "3": 0.5128205128205128,
    "4": 0.7636363636363637,
    "5": 0.5294117647058824,
    "6": 0.7222222222222222,
    "7": 0.5714285714285714,
    "8": 0.6666666666666666,
    "9": 0.6666666666666666,
    "10": 0.7272727272727273,
    "11": 0.7226890756302521,
    "12": 0.6274509803921569,
    "13": 0.6764705882352942,
    "14": 0.5882352941176471,
    "15": 0.717948717948718,
    "16": 0.5,
    "17": 0.704225352112676
  },
  "average_true_labels": 1.63,
  "average_predicted_labels": 1.3633333333333333,
  "last_train_loss": 0.11693542385101319,
  "threshold": 0.3,
  "empty_prediction_fallback": "top1"
}