{
  "micro_f1": 0.6854304635761589,
  "macro_f1": 0.6769744003055178,
  "weighted_f1": 0.6859047684777657,
  "subset_accuracy": 0.6537369914853358,
  "per_label_f1": {
    "1": 0.6142857142857143,
    "2": 0.717948717948718,
    "3": 0.6369426751592356,
    "4": 0.7333333333333333,
    "5": 0.6391752577319587,
    "6": 0.7706422018348624,
    "7": 0.49557522123893805,
    "8": 0.6896551724137931,
    "9": 0.7121951219512195,
    "10": 0.726530612244898,
    "11": 0.7340425531914894,
    "12": 0.6703296703296703,
    "13": 0.7128712871287128,
    "14": 0.6545454545454545,
    "15": 0.7166666666666667,
    "16": 0.6195652173913043,
    "17": 0.6642599277978339
  },
  "average_true_labels": 1.4408703878902553,
  "average_predicted_labels": 1.4162724692526016,
  "last_train_loss": 0.11737788216769696,
  "threshold": 0.3,
  "empty_prediction_fallback": "top1",
  "training_time_seconds": 21.99906603400086,
  "training_time_minutes": 0.36665110056668104
}