{
  "micro_f1": 0.7182061579651942,
  "macro_f1": 0.7081260580117151,
  "weighted_f1": 0.7174765704854839,
  "subset_accuracy": 0.6877956480605487,
  "per_label_f1": {
    "1": 0.6792452830188679,
    "2": 0.7321428571428571,
    "3": 0.7195121951219512,
    "4": 0.7087378640776699,
    "5": 0.6451612903225806,
    "6": 0.7244094488188977,
    "7": 0.6666666666666666,
    "8": 0.7058823529411765,
    "9": 0.7204301075268817,
    "10": 0.7279411764705882,
    "11": 0.7727272727272727,
    "12": 0.6703910614525139,
    "13": 0.7794871794871795,
    "14": 0.65625,
    "15": 0.7008547008547008,
    "16": 0.6772486772486772,
    "17": 0.7510548523206751
  },
  "average_true_labels": 1.4408703878902553,
  "average_predicted_labels": 1.3859981078524124,
  "last_train_loss": 0.08456811456009745,
  "threshold": 0.3,
  "empty_prediction_fallback": "top1",
  "training_time_seconds": 44.56868252700042,
  "training_time_minutes": 0.742811375450007
}