{
  "micro_f1": 0.7049180327868853,
  "macro_f1": 0.6868580479997828,
  "weighted_f1": 0.7034547656619351,
  "subset_accuracy": 0.6666666666666666,
  "per_label_f1": {
    "1": 0.6,
    "2": 0.65,
    "3": 0.5833333333333334,
    "4": 0.8214285714285714,
    "5": 0.6285714285714286,
    "6": 0.6818181818181818,
    "7": 0.6060606060606061,
    "8": 0.7012987012987013,
    "9": 0.6933333333333334,
    "10": 0.775,
    "11": 0.773109243697479,
    "12": 0.7692307692307693,
    "13": 0.746268656716418,
    "14": 0.6666666666666666,
    "15": 0.6666666666666666,
    "16": 0.5909090909090909,
    "17": 0.7228915662650602
  },
  "average_true_labels": 1.63,
  "average_predicted_labels": 1.6233333333333333,
  "last_train_loss": 0.08643366287648678,
  "threshold": 0.3,
  "empty_prediction_fallback": "top1"
}