{
  "schema_version": 1,
  "model_type": "bert",
  "artifact_id": "bert_train1000_seed43",
  "created_at": "2026-05-07T00:07:05",
  "seed": 43,
  "train_size": 1000,
  "test_seed": 43,
  "test_samples": null,
  "language": "en",
  "paths": {
    "artifact_dir": "artifacts/bert_train1000_seed43",
    "checkpoint": "artifacts/bert_train1000_seed43/runs/20260507_000704/model.pt",
    "results": "artifacts/bert_train1000_seed43/results.json",
    "run_dir": "artifacts/bert_train1000_seed43/runs/20260507_000704"
  },
  "metrics": {
    "micro_f1": 0.6514633219308248,
    "macro_f1": 0.649835219738109,
    "weighted_f1": 0.6504722892127444,
    "subset_accuracy": 0.6821192052980133,
    "per_label_f1": {
      "1": 0.5675675675675675,
      "2": 0.62,
      "3": 0.6527777777777778,
      "4": 0.7241379310344828,
      "5": 0.5217391304347826,
      "6": 0.7722772277227723,
      "7": 0.611764705882353,
      "8": 0.6274509803921569,
      "9": 0.6125,
      "10": 0.6294416243654822,
      "11": 0.6930091185410334,
      "12": 0.654320987654321,
      "13": 0.6867469879518072,
      "14": 0.7142857142857143,
      "15": 0.6896551724137931,
      "16": 0.6266666666666667,
      "17": 0.6428571428571429
    },
    "average_true_labels": 1.4408703878902553,
    "average_predicted_labels": 1.0482497634815515,
    "last_train_loss": 0.16748327434062957,
    "threshold": 0.3,
    "empty_prediction_fallback": "top1",
    "training_time_seconds": 11.216581980999763,
    "training_time_minutes": 0.1869430330166627
  },
  "run_config": {
    "run_id": "20260507_000704",
    "timestamp": "20260507_000704",
    "mode": "train_eval",
    "command": "python /home/manh/study-BHam/AI4GC-2/scripts/train.py --seeds 42 43 44 45 46 --train-sizes 1000 2000 4000 --language en --test-seed 43 --device cuda --force",
    "model_name": "sentence-transformers/all-MiniLM-L6-v2",
    "num_labels": 17,
    "label_names": [
      "SDG_1",
      "SDG_2",
      "SDG_3",
      "SDG_4",
      "SDG_5",
      "SDG_6",
      "SDG_7",
      "SDG_8",
      "SDG_9",
      "SDG_10",
      "SDG_11",
      "SDG_12",
      "SDG_13",
      "SDG_14",
      "SDG_15",
      "SDG_16",
      "SDG_17"
    ],
    "data_dir": "/home/manh/study-BHam/AI4GC-2/data",
    "dataset_source": "/home/manh/study-BHam/AI4GC-2/data",
    "language": "en",
    "train_limit": 1000,
    "test_limit": 1470,
    "train_rows": 1000,
    "test_rows": 1057,
    "epochs": 3,
    "batch_size": 8,
    "max_length": 128,
    "learning_rate": 5e-05,
    "threshold": 0.3,
    "unfrozen_layers": 2,
    "trainable_encoder_layers": 2,
    "unfreeze_encoder": false,
    "encoder_trainable_mode": "last_2_layers",
    "trainable_params": 3555473,
    "seed": 43,
    "test_seed": 43,
    "device": "cuda",
    "run_dir": "/home/manh/study-BHam/AI4GC-2/artifacts/bert_train1000_seed43/runs/20260507_000704",
    "checkpoint_loaded_from": null,
    "python_version": "3.10.20 | packaged by conda-forge | (main, Mar  5 2026, 16:42:22) [GCC 14.3.0]",
    "torch_version": "2.5.1+cu121",
    "transformers_version": "5.8.0",
    "sklearn_version": "1.7.2",
    "attention_note": "Last-layer CLS attention averaged over heads; proxy explanation only.",
    "timing": {
      "training_time_seconds": 11.216581980999763,
      "training_time_minutes": 0.1869430330166627
    }
  },
  "timing": {
    "training_time_seconds": 11.216581980999763,
    "training_time_minutes": 0.1869430330166627
  }
}