{
  "micro_f1": 0.6532343584305408,
  "macro_f1": 0.6323728540580593,
  "weighted_f1": 0.6496881095057463,
  "subset_accuracy": 0.6466666666666666,
  "per_label_f1": {
    "1": 0.5531914893617021,
    "2": 0.631578947368421,
    "3": 0.5263157894736842,
    "4": 0.7,
    "5": 0.4375,
    "6": 0.6666666666666666,
    "7": 0.6153846153846154,
    "8": 0.5789473684210527,
    "9": 0.65625,
    "10": 0.7441860465116279,
    "11": 0.7049180327868853,
    "12": 0.7419354838709677,
    "13": 0.7213114754098361,
    "14": 0.5263157894736842,
    "15": 0.7368421052631579,
    "16": 0.5185185185185185,
    "17": 0.6904761904761905
  },
  "average_true_labels": 1.63,
  "average_predicted_labels": 1.5133333333333334,
  "last_train_loss": 0.11770994690060615,
  "threshold": 0.3,
  "empty_prediction_fallback": "top1",
  "training_time_seconds": 22.500123714000438,
  "training_time_minutes": 0.3750020619000073
}