{
  "micro_f1": 0.6514633219308248,
  "macro_f1": 0.649835219738109,
  "weighted_f1": 0.6504722892127444,
  "subset_accuracy": 0.6821192052980133,
  "per_label_f1": {
    "1": 0.5675675675675675,
    "2": 0.62,
    "3": 0.6527777777777778,
    "4": 0.7241379310344828,
    "5": 0.5217391304347826,
    "6": 0.7722772277227723,
    "7": 0.611764705882353,
    "8": 0.6274509803921569,
    "9": 0.6125,
    "10": 0.6294416243654822,
    "11": 0.6930091185410334,
    "12": 0.654320987654321,
    "13": 0.6867469879518072,
    "14": 0.7142857142857143,
    "15": 0.6896551724137931,
    "16": 0.6266666666666667,
    "17": 0.6428571428571429
  },
  "average_true_labels": 1.4408703878902553,
  "average_predicted_labels": 1.0482497634815515,
  "last_train_loss": 0.16748327434062957,
  "threshold": 0.3,
  "empty_prediction_fallback": "top1",
  "training_time_seconds": 11.216581980999763,
  "training_time_minutes": 0.1869430330166627
}