{
  "micro_f1": 0.6936050597329585,
  "macro_f1": 0.690246922866272,
  "weighted_f1": 0.6914391171596092,
  "subset_accuracy": 0.6792809839167455,
  "per_label_f1": {
    "1": 0.6164383561643836,
    "2": 0.6902654867256637,
    "3": 0.6666666666666666,
    "4": 0.7542857142857143,
    "5": 0.6419753086419753,
    "6": 0.7678571428571429,
    "7": 0.6582278481012658,
    "8": 0.6545454545454545,
    "9": 0.6774193548387096,
    "10": 0.680161943319838,
    "11": 0.7479674796747967,
    "12": 0.6282051282051282,
    "13": 0.7263157894736842,
    "14": 0.7017543859649122,
    "15": 0.7586206896551724,
    "16": 0.6549707602339181,
    "17": 0.7085201793721974
  },
  "average_true_labels": 1.4408703878902553,
  "average_predicted_labels": 1.2516556291390728,
  "last_train_loss": 0.11317601220309734,
  "threshold": 0.3,
  "empty_prediction_fallback": "top1",
  "training_time_seconds": 22.224632449000637,
  "training_time_minutes": 0.3704105408166773
}