{
  "micro_f1": 0.6631016042780749,
  "macro_f1": 0.6458985314374587,
  "weighted_f1": 0.6623148770277002,
  "subset_accuracy": 0.6433333333333333,
  "per_label_f1": {
    "1": 0.5581395348837209,
    "2": 0.6666666666666666,
    "3": 0.5,
    "4": 0.7636363636363637,
    "5": 0.6486486486486487,
    "6": 0.6842105263157895,
    "7": 0.48484848484848486,
    "8": 0.684931506849315,
    "9": 0.6363636363636364,
    "10": 0.7560975609756098,
    "11": 0.7017543859649122,
    "12": 0.7419354838709677,
    "13": 0.71875,
    "14": 0.5882352941176471,
    "15": 0.7142857142857143,
    "16": 0.4897959183673469,
    "17": 0.6419753086419753
  },
  "average_true_labels": 1.63,
  "average_predicted_labels": 1.4866666666666666,
  "last_train_loss": 0.11737788216769696,
  "threshold": 0.3,
  "empty_prediction_fallback": "top1",
  "training_time_seconds": 22.697479972999645,
  "training_time_minutes": 0.3782913328833274
}