{
  "schema_version": 1,
  "model_type": "bert",
  "artifact_id": "bert_train4000_seed44",
  "created_at": "2026-05-07T00:12:40",
  "seed": 44,
  "train_size": 4000,
  "test_seed": 43,
  "test_samples": null,
  "language": "en",
  "paths": {
    "artifact_dir": "artifacts/bert_train4000_seed44",
    "checkpoint": "artifacts/bert_train4000_seed44/runs/20260507_001240/model.pt",
    "results": "artifacts/bert_train4000_seed44/results.json",
    "run_dir": "artifacts/bert_train4000_seed44/runs/20260507_001240"
  },
  "metrics": {
    "micro_f1": 0.7181185823120239,
    "macro_f1": 0.707897719933058,
    "weighted_f1": 0.7168027362731834,
    "subset_accuracy": 0.6754966887417219,
    "per_label_f1": {
      "1": 0.6883116883116883,
      "2": 0.7321428571428571,
      "3": 0.7085714285714285,
      "4": 0.75,
      "5": 0.6352941176470588,
      "6": 0.6716417910447762,
      "7": 0.6744186046511628,
      "8": 0.7160493827160493,
      "9": 0.7407407407407407,
      "10": 0.7310344827586207,
      "11": 0.7519181585677749,
      "12": 0.6629834254143646,
      "13": 0.7238095238095238,
      "14": 0.6551724137931034,
      "15": 0.75,
      "16": 0.697986577181208,
      "17": 0.7441860465116279
    },
    "average_true_labels": 1.4408703878902553,
    "average_predicted_labels": 1.4153263954588458,
    "last_train_loss": 0.08456700433418154,
    "threshold": 0.3,
    "empty_prediction_fallback": "top1",
    "training_time_seconds": 45.574028626000654,
    "training_time_minutes": 0.7595671437666776
  },
  "run_config": {
    "run_id": "20260507_001240",
    "timestamp": "20260507_001240",
    "mode": "train_eval",
    "command": "python /home/manh/study-BHam/AI4GC-2/scripts/train.py --seeds 42 43 44 45 46 --train-sizes 1000 2000 4000 --language en --test-seed 43 --device cuda --force",
    "model_name": "sentence-transformers/all-MiniLM-L6-v2",
    "num_labels": 17,
    "label_names": [
      "SDG_1",
      "SDG_2",
      "SDG_3",
      "SDG_4",
      "SDG_5",
      "SDG_6",
      "SDG_7",
      "SDG_8",
      "SDG_9",
      "SDG_10",
      "SDG_11",
      "SDG_12",
      "SDG_13",
      "SDG_14",
      "SDG_15",
      "SDG_16",
      "SDG_17"
    ],
    "data_dir": "/home/manh/study-BHam/AI4GC-2/data",
    "dataset_source": "/home/manh/study-BHam/AI4GC-2/data",
    "language": "en",
    "train_limit": 4000,
    "test_limit": 1470,
    "train_rows": 4000,
    "test_rows": 1057,
    "epochs": 3,
    "batch_size": 8,
    "max_length": 128,
    "learning_rate": 5e-05,
    "threshold": 0.3,
    "unfrozen_layers": 2,
    "trainable_encoder_layers": 2,
    "unfreeze_encoder": false,
    "encoder_trainable_mode": "last_2_layers",
    "trainable_params": 3555473,
    "seed": 44,
    "test_seed": 43,
    "device": "cuda",
    "run_dir": "/home/manh/study-BHam/AI4GC-2/artifacts/bert_train4000_seed44/runs/20260507_001240",
    "checkpoint_loaded_from": null,
    "python_version": "3.10.20 | packaged by conda-forge | (main, Mar  5 2026, 16:42:22) [GCC 14.3.0]",
    "torch_version": "2.5.1+cu121",
    "transformers_version": "5.8.0",
    "sklearn_version": "1.7.2",
    "attention_note": "Last-layer CLS attention averaged over heads; proxy explanation only.",
    "timing": {
      "training_time_seconds": 45.574028626000654,
      "training_time_minutes": 0.7595671437666776
    }
  },
  "timing": {
    "training_time_seconds": 45.574028626000654,
    "training_time_minutes": 0.7595671437666776
  }
}