{
  "run_config": {
    "method": "TF-IDF + linear SVM-style baseline",
    "language": "en",
    "data_dir": "/home/manh/study-BHam/AI4GC-2/data",
    "output_dir": "/home/manh/study-BHam/AI4GC-2/artifacts/tfidf_train1000_seed46",
    "source_train_rows": 4225,
    "source_test_rows": 1057,
    "train_rows": 1000,
    "test_rows": 1057,
    "train_limit": 1000,
    "test_limit": 1470,
    "sampling": "coverage_aware_by_sdg",
    "max_features": 10000,
    "alpha": 0.0001,
    "random_state": 46,
    "test_random_state": 43
  },
  "metrics": {
    "micro_f1": 0.6028430519292138,
    "macro_f1": 0.5994986053219544,
    "weighted_f1": 0.6093182509605767,
    "subset_accuracy": 0.47587511825922424
  },
  "per_label_f1": {
    "SDG_1": 0.6373626373626373,
    "SDG_2": 0.6277372262773723,
    "SDG_3": 0.5525291828793775,
    "SDG_4": 0.72,
    "SDG_5": 0.5882352941176471,
    "SDG_6": 0.609375,
    "SDG_7": 0.6,
    "SDG_8": 0.656934306569343,
    "SDG_9": 0.6727272727272727,
    "SDG_10": 0.45674740484429066,
    "SDG_11": 0.6090534979423868,
    "SDG_12": 0.59375,
    "SDG_13": 0.58,
    "SDG_14": 0.375,
    "SDG_15": 0.5909090909090909,
    "SDG_16": 0.6435643564356436,
    "SDG_17": 0.6775510204081633
  },
  "train_metrics": {
    "micro_f1": 0.9464161447459986,
    "macro_f1": 0.9462786155206573,
    "weighted_f1": 0.9467884397908308,
    "subset_accuracy": 0.889
  },
  "timing": {
    "training_time_seconds": 1.8503114459999779,
    "training_time_minutes": 0.030838524099999633
  }
}