{
  "schema_version": 1,
  "model_type": "bert",
  "artifact_id": "bert_train1000_seed46",
  "created_at": "2026-05-07T00:07:54",
  "seed": 46,
  "train_size": 1000,
  "test_seed": 43,
  "test_samples": null,
  "language": "en",
  "paths": {
    "artifact_dir": "artifacts/bert_train1000_seed46",
    "checkpoint": "artifacts/bert_train1000_seed46/runs/20260507_000754/model.pt",
    "results": "artifacts/bert_train1000_seed46/results.json",
    "run_dir": "artifacts/bert_train1000_seed46/runs/20260507_000754"
  },
  "metrics": {
    "micro_f1": 0.6610398379473329,
    "macro_f1": 0.6577221381551511,
    "weighted_f1": 0.659230064387913,
    "subset_accuracy": 0.6291390728476821,
    "per_label_f1": {
      "1": 0.5833333333333334,
      "2": 0.7017543859649122,
      "3": 0.6503067484662577,
      "4": 0.7216494845360825,
      "5": 0.6265060240963856,
      "6": 0.7256637168141593,
      "7": 0.6842105263157895,
      "8": 0.6618705035971223,
      "9": 0.6282722513089005,
      "10": 0.5596707818930041,
      "11": 0.7439353099730458,
      "12": 0.6470588235294118,
      "13": 0.6764705882352942,
      "14": 0.6031746031746031,
      "15": 0.7238095238095238,
      "16": 0.5769230769230769,
      "17": 0.6666666666666666
    },
    "average_true_labels": 1.4408703878902553,
    "average_predicted_labels": 1.3614001892147587,
    "last_train_loss": 0.16616699969768525,
    "threshold": 0.3,
    "empty_prediction_fallback": "top1",
    "training_time_seconds": 11.130027739998695,
    "training_time_minutes": 0.18550046233331158
  },
  "run_config": {
    "run_id": "20260507_000754",
    "timestamp": "20260507_000754",
    "mode": "train_eval",
    "command": "python /home/manh/study-BHam/AI4GC-2/scripts/train.py --seeds 42 43 44 45 46 --train-sizes 1000 2000 4000 --language en --test-seed 43 --device cuda --force",
    "model_name": "sentence-transformers/all-MiniLM-L6-v2",
    "num_labels": 17,
    "label_names": [
      "SDG_1",
      "SDG_2",
      "SDG_3",
      "SDG_4",
      "SDG_5",
      "SDG_6",
      "SDG_7",
      "SDG_8",
      "SDG_9",
      "SDG_10",
      "SDG_11",
      "SDG_12",
      "SDG_13",
      "SDG_14",
      "SDG_15",
      "SDG_16",
      "SDG_17"
    ],
    "data_dir": "/home/manh/study-BHam/AI4GC-2/data",
    "dataset_source": "/home/manh/study-BHam/AI4GC-2/data",
    "language": "en",
    "train_limit": 1000,
    "test_limit": 1470,
    "train_rows": 1000,
    "test_rows": 1057,
    "epochs": 3,
    "batch_size": 8,
    "max_length": 128,
    "learning_rate": 5e-05,
    "threshold": 0.3,
    "unfrozen_layers": 2,
    "trainable_encoder_layers": 2,
    "unfreeze_encoder": false,
    "encoder_trainable_mode": "last_2_layers",
    "trainable_params": 3555473,
    "seed": 46,
    "test_seed": 43,
    "device": "cuda",
    "run_dir": "/home/manh/study-BHam/AI4GC-2/artifacts/bert_train1000_seed46/runs/20260507_000754",
    "checkpoint_loaded_from": null,
    "python_version": "3.10.20 | packaged by conda-forge | (main, Mar  5 2026, 16:42:22) [GCC 14.3.0]",
    "torch_version": "2.5.1+cu121",
    "transformers_version": "5.8.0",
    "sklearn_version": "1.7.2",
    "attention_note": "Last-layer CLS attention averaged over heads; proxy explanation only.",
    "timing": {
      "training_time_seconds": 11.130027739998695,
      "training_time_minutes": 0.18550046233331158
    }
  },
  "timing": {
    "training_time_seconds": 11.130027739998695,
    "training_time_minutes": 0.18550046233331158
  }
}