{
  "run_config": {
    "run_id": "20260507_000754",
    "timestamp": "20260507_000754",
    "mode": "train_eval",
    "command": "python /home/manh/study-BHam/AI4GC-2/scripts/train.py --seeds 42 43 44 45 46 --train-sizes 1000 2000 4000 --language en --test-seed 43 --device cuda --force",
    "model_name": "sentence-transformers/all-MiniLM-L6-v2",
    "num_labels": 17,
    "label_names": [
      "SDG_1",
      "SDG_2",
      "SDG_3",
      "SDG_4",
      "SDG_5",
      "SDG_6",
      "SDG_7",
      "SDG_8",
      "SDG_9",
      "SDG_10",
      "SDG_11",
      "SDG_12",
      "SDG_13",
      "SDG_14",
      "SDG_15",
      "SDG_16",
      "SDG_17"
    ],
    "data_dir": "/home/manh/study-BHam/AI4GC-2/data",
    "dataset_source": "/home/manh/study-BHam/AI4GC-2/data",
    "language": "en",
    "train_limit": 1000,
    "test_limit": 1470,
    "train_rows": 1000,
    "test_rows": 1057,
    "epochs": 3,
    "batch_size": 8,
    "max_length": 128,
    "learning_rate": 5e-05,
    "threshold": 0.3,
    "unfrozen_layers": 2,
    "trainable_encoder_layers": 2,
    "unfreeze_encoder": false,
    "encoder_trainable_mode": "last_2_layers",
    "trainable_params": 3555473,
    "seed": 46,
    "test_seed": 43,
    "device": "cuda",
    "run_dir": "/home/manh/study-BHam/AI4GC-2/artifacts/bert_train1000_seed46/runs/20260507_000754",
    "checkpoint_loaded_from": null,
    "python_version": "3.10.20 | packaged by conda-forge | (main, Mar  5 2026, 16:42:22) [GCC 14.3.0]",
    "torch_version": "2.5.1+cu121",
    "transformers_version": "5.8.0",
    "sklearn_version": "1.7.2",
    "attention_note": "Last-layer CLS attention averaged over heads; proxy explanation only.",
    "timing": {
      "training_time_seconds": 11.130027739998695,
      "training_time_minutes": 0.18550046233331158
    }
  },
  "metrics": {
    "micro_f1": 0.6610398379473329,
    "macro_f1": 0.6577221381551511,
    "weighted_f1": 0.659230064387913,
    "subset_accuracy": 0.6291390728476821,
    "per_label_f1": {
      "1": 0.5833333333333334,
      "2": 0.7017543859649122,
      "3": 0.6503067484662577,
      "4": 0.7216494845360825,
      "5": 0.6265060240963856,
      "6": 0.7256637168141593,
      "7": 0.6842105263157895,
      "8": 0.6618705035971223,
      "9": 0.6282722513089005,
      "10": 0.5596707818930041,
      "11": 0.7439353099730458,
      "12": 0.6470588235294118,
      "13": 0.6764705882352942,
      "14": 0.6031746031746031,
      "15": 0.7238095238095238,
      "16": 0.5769230769230769,
      "17": 0.6666666666666666
    },
    "average_true_labels": 1.4408703878902553,
    "average_predicted_labels": 1.3614001892147587,
    "last_train_loss": 0.16616699969768525,
    "threshold": 0.3,
    "empty_prediction_fallback": "top1",
    "training_time_seconds": 11.130027739998695,
    "training_time_minutes": 0.18550046233331158
  },
  "examples": [
    {
      "text": "120 The Government’s Assesments Conserve and sustainably use the oceans, seas and marine resources for sustainable development. Denmark is working actively to ensure the sustainable use of marine environments. To ensure that future generations can also benefit from marine resources, it is important to achieve and maintain good environmental conditions in marine ecosystems. Through Denmark’s marine strategy, marine area plans, Natura 2000 plans, and the country’s first sea plan, the Government is working to preserve and ensure sustainable use of the seas and their resources. Denmark is also contributing to SDG 14 through its engagement in international efforts relating to the marine enviro...",
      "gold_labels": [
        14
      ],
      "predicted_labels": [
        14
      ],
      "top_label_scores": [
        {
          "label": 14,
          "score": 0.7737
        },
        {
          "label": 15,
          "score": 0.1394
        },
        {
          "label": 13,
          "score": 0.1106
        },
        {
          "label": 6,
          "score": 0.0958
        },
        {
          "label": 3,
          "score": 0.0804
        }
      ],
      "top_tokens": [
        {
          "token": "marine",
          "score": 0.08073
        },
        {
          "token": "marine",
          "score": 0.076562
        },
        {
          "token": "oceans",
          "score": 0.076282
        },
        {
          "token": "marine",
          "score": 0.049597
        },
        {
          "token": "marine",
          "score": 0.048885
        },
        {
          "token": "marine",
          "score": 0.042897
        },
        {
          "token": "seas",
          "score": 0.040912
        },
        {
          "token": "14",
          "score": 0.038543
        },
        {
          "token": "marine",
          "score": 0.037204
        },
        {
          "token": "resources",
          "score": 0.034369
        },
        {
          "token": "marine",
          "score": 0.032567
        },
        {
          "token": "seas",
          "score": 0.020838
        }
      ]
    },
    {
      "text": "Project Name Taman Rambai Flood Mitigation Plan Project Owner MBMB Collaborators JPS Project Description The Taman Rambai Flood Mitigation Plan is a comprehensive strategy or arrangement aimed at minimizing the effects of floods in the area. Its primary purpose is to safeguard flood-prone regions and mitigate the damages caused by flooding incidents. Relevant SDG Targets 15",
      "gold_labels": [
        1,
        11,
        13
      ],
      "predicted_labels": [
        6,
        11,
        13,
        17
      ],
      "top_label_scores": [
        {
          "label": 13,
          "score": 0.4255
        },
        {
          "label": 6,
          "score": 0.3823
        },
        {
          "label": 11,
          "score": 0.3592
        },
        {
          "label": 17,
          "score": 0.3058
        },
        {
          "label": 14,
          "score": 0.2454
        }
      ],
      "top_tokens": [
        {
          "token": "flood",
          "score": 0.131001
        },
        {
          "token": "flood",
          "score": 0.112785
        },
        {
          "token": "floods",
          "score": 0.108111
        },
        {
          "token": "flood",
          "score": 0.079263
        },
        {
          "token": "plan",
          "score": 0.048705
        },
        {
          "token": "flooding",
          "score": 0.042256
        },
        {
          "token": "15",
          "score": 0.027236
        },
        {
          "token": "plan",
          "score": 0.022733
        },
        {
          "token": "##iga",
          "score": 0.019819
        },
        {
          "token": "sd",
          "score": 0.019094
        },
        {
          "token": "project",
          "score": 0.016713
        },
        {
          "token": "project",
          "score": 0.01671
        }
      ]
    },
    {
      "text": "Suwon 2030 Sustainable Development Goal 3: $itZ with 5ransparent and $lean 8ater $ZDle Expansion of permeable surfaces Water management system participated by citizens Securing healthy ecosystem for streams Improving water quality of streams Recycling rainwater/water Water self sufficiency rate 03 City with Transparent and Clean Water Cycle 53 Suwon Bs B $itZ oG 8Bter to ReBM\u000e i[e 5rBnspBrent BnE $MeBn 8Bter $ZcMe #BseE on *ts -onH 5rBEition oG 1uCMic\u000epri\u000e WBte 8Bter GoWernBnce Suwon 2030 Sustainable Development Goals SDGs weSe aEopteE unEeS the vision of ˎSuwon a Sustainable $itZ wheSe )uman anE &nviSonment $oeYist\u000fˎ Despite beinH a EenselZ populateE DitZ with moSe than \u0012 million people...",
      "gold_labels": [
        6
      ],
      "predicted_labels": [
        6,
        14
      ],
      "top_label_scores": [
        {
          "label": 6,
          "score": 0.6069
        },
        {
          "label": 14,
          "score": 0.3225
        },
        {
          "label": 15,