{
  "micro_f1": 0.6297502714440825,
  "macro_f1": 0.6081964399487797,
  "weighted_f1": 0.6236285664873689,
  "subset_accuracy": 0.6166666666666667,
  "per_label_f1": {
    "1": 0.5384615384615384,
    "2": 0.6153846153846154,
    "3": 0.45,
    "4": 0.7213114754098361,
    "5": 0.48484848484848486,
    "6": 0.6153846153846154,
    "7": 0.6666666666666666,
    "8": 0.6578947368421053,
    "9": 0.6567164179104478,
    "10": 0.5897435897435898,
    "11": 0.7304347826086957,
    "12": 0.5862068965517241,
    "13": 0.6774193548387096,
    "14": 0.5263157894736842,
    "15": 0.7027027027027027,
    "16": 0.42105263157894735,
    "17": 0.6987951807228916
  },
  "average_true_labels": 1.63,
  "average_predicted_labels": 1.44,
  "last_train_loss": 0.16616699969768525,
  "threshold": 0.3,
  "empty_prediction_fallback": "top1",
  "training_time_seconds": 11.64546731900009,
  "training_time_minutes": 0.19409112198333484
}