{
  "run_config": {
    "method": "TF-IDF + linear SVM-style baseline",
    "language": "en",
    "data_dir": "/home/manh/study-BHam/AI4GC-2/data",
    "output_dir": "/home/manh/study-BHam/AI4GC-2/artifacts/tfidf_train1000_seed45",
    "source_train_rows": 4225,
    "source_test_rows": 1057,
    "train_rows": 1000,
    "test_rows": 1057,
    "train_limit": 1000,
    "test_limit": 1470,
    "sampling": "coverage_aware_by_sdg",
    "max_features": 10000,
    "alpha": 0.0001,
    "random_state": 45,
    "test_random_state": 43
  },
  "metrics": {
    "micro_f1": 0.6034736532234325,
    "macro_f1": 0.6026669488119676,
    "weighted_f1": 0.6141024152637227,
    "subset_accuracy": 0.46263008514664145
  },
  "per_label_f1": {
    "SDG_1": 0.6514285714285715,
    "SDG_2": 0.6277372262773723,
    "SDG_3": 0.6708860759493671,
    "SDG_4": 0.6698113207547169,
    "SDG_5": 0.34146341463414637,
    "SDG_6": 0.4888888888888889,
    "SDG_7": 0.6585365853658537,
    "SDG_8": 0.6033057851239669,
    "SDG_9": 0.624,
    "SDG_10": 0.6028708133971292,
    "SDG_11": 0.6369710467706013,
    "SDG_12": 0.6071428571428571,
    "SDG_13": 0.6019417475728155,
    "SDG_14": 0.6075949367088608,
    "SDG_15": 0.5652173913043478,
    "SDG_16": 0.649746192893401,
    "SDG_17": 0.6377952755905512
  },
  "train_metrics": {
    "micro_f1": 0.948051948051948,
    "macro_f1": 0.9476333991909054,
    "weighted_f1": 0.9482272406292684,
    "subset_accuracy": 0.887
  },
  "timing": {
    "training_time_seconds": 1.7979539740001655,
    "training_time_minutes": 0.029965899566669427
  }
}