{
  "micro_f1": 0.6778989098116948,
  "macro_f1": 0.6738746489482338,
  "weighted_f1": 0.6772277029776073,
  "subset_accuracy": 0.6442762535477767,
  "per_label_f1": {
    "1": 0.6143790849673203,
    "2": 0.6972477064220184,
    "3": 0.6709677419354839,
    "4": 0.708994708994709,
    "5": 0.5925925925925926,
    "6": 0.7735849056603774,
    "7": 0.6582278481012658,
    "8": 0.6192170818505338,
    "9": 0.6918918918918919,
    "10": 0.7203065134099617,
    "11": 0.7216494845360825,
    "12": 0.6486486486486487,
    "13": 0.6387434554973822,
    "14": 0.6129032258064516,
    "15": 0.7476635514018691,
    "16": 0.6632653061224489,
    "17": 0.6755852842809364
  },
  "average_true_labels": 1.4408703878902553,
  "average_predicted_labels": 1.422894985808893,
  "last_train_loss": 0.11770994690060615,
  "threshold": 0.3,
  "empty_prediction_fallback": "top1",
  "training_time_seconds": 21.832740975998604,
  "training_time_minutes": 0.3638790162666434
}