{
  "schema_version": 1,
  "model_type": "bert",
  "artifact_id": "bert_train4000_seed43",
  "created_at": "2026-05-07T00:11:49",
  "seed": 43,
  "train_size": 4000,
  "test_seed": 43,
  "test_samples": null,
  "language": "en",
  "paths": {
    "artifact_dir": "artifacts/bert_train4000_seed43",
    "checkpoint": "artifacts/bert_train4000_seed43/runs/20260507_001149/model.pt",
    "results": "artifacts/bert_train4000_seed43/results.json",
    "run_dir": "artifacts/bert_train4000_seed43/runs/20260507_001149"
  },
  "metrics": {
    "micro_f1": 0.7200516628995802,
    "macro_f1": 0.7066531063435247,
    "weighted_f1": 0.7197224145376532,
    "subset_accuracy": 0.6726584673604541,
    "per_label_f1": {
      "1": 0.6708074534161491,
      "2": 0.7368421052631579,
      "3": 0.6820809248554913,
      "4": 0.7741935483870968,
      "5": 0.6534653465346535,
      "6": 0.6573426573426573,
      "7": 0.6419753086419753,
      "8": 0.7037037037037037,
      "9": 0.7788461538461539,
      "10": 0.7333333333333333,
      "11": 0.779291553133515,
      "12": 0.676923076923077,
      "13": 0.736318407960199,
      "14": 0.6363636363636364,
      "15": 0.7096774193548387,
      "16": 0.6900584795321637,
      "17": 0.7518796992481203
    },
    "average_true_labels": 1.4408703878902553,
    "average_predicted_labels": 1.489120151371807,
    "last_train_loss": 0.08499565171077847,
    "threshold": 0.3,
    "empty_prediction_fallback": "top1",
    "training_time_seconds": 44.548187420999966,
    "training_time_minutes": 0.7424697903499994
  },
  "run_config": {
    "run_id": "20260507_001149",
    "timestamp": "20260507_001149",
    "mode": "train_eval",
    "command": "python /home/manh/study-BHam/AI4GC-2/scripts/train.py --seeds 42 43 44 45 46 --train-sizes 1000 2000 4000 --language en --test-seed 43 --device cuda --force",
    "model_name": "sentence-transformers/all-MiniLM-L6-v2",
    "num_labels": 17,
    "label_names": [
      "SDG_1",
      "SDG_2",
      "SDG_3",
      "SDG_4",
      "SDG_5",
      "SDG_6",
      "SDG_7",
      "SDG_8",
      "SDG_9",
      "SDG_10",
      "SDG_11",
      "SDG_12",
      "SDG_13",
      "SDG_14",
      "SDG_15",
      "SDG_16",
      "SDG_17"
    ],
    "data_dir": "/home/manh/study-BHam/AI4GC-2/data",
    "dataset_source": "/home/manh/study-BHam/AI4GC-2/data",
    "language": "en",
    "train_limit": 4000,
    "test_limit": 1470,
    "train_rows": 4000,
    "test_rows": 1057,
    "epochs": 3,
    "batch_size": 8,
    "max_length": 128,
    "learning_rate": 5e-05,
    "threshold": 0.3,
    "unfrozen_layers": 2,
    "trainable_encoder_layers": 2,
    "unfreeze_encoder": false,
    "encoder_trainable_mode": "last_2_layers",
    "trainable_params": 3555473,
    "seed": 43,
    "test_seed": 43,
    "device": "cuda",
    "run_dir": "/home/manh/study-BHam/AI4GC-2/artifacts/bert_train4000_seed43/runs/20260507_001149",
    "checkpoint_loaded_from": null,
    "python_version": "3.10.20 | packaged by conda-forge | (main, Mar  5 2026, 16:42:22) [GCC 14.3.0]",
    "torch_version": "2.5.1+cu121",
    "transformers_version": "5.8.0",
    "sklearn_version": "1.7.2",
    "attention_note": "Last-layer CLS attention averaged over heads; proxy explanation only.",
    "timing": {
      "training_time_seconds": 44.548187420999966,
      "training_time_minutes": 0.7424697903499994
    }
  },
  "timing": {
    "training_time_seconds": 44.548187420999966,
    "training_time_minutes": 0.7424697903499994
  }
}