{
  "run_config": {
    "method": "TF-IDF + LinearSVC",
    "language": "en",
    "data_dir": "/home/manh/study-BHam/AI4GC-2/data",
    "output_dir": "/home/manh/study-BHam/AI4GC-2/artifacts/tfidf_train4000_seed42",
    "source_train_rows": 4225,
    "source_test_rows": 1057,
    "train_rows": 4000,
    "test_rows": 1057,
    "train_limit": 4000,
    "test_limit": 1470,
    "max_features": 10000,
    "alpha": 0.0001,
    "random_state": 42,
    "test_random_state": 43
  },
  "metrics": {
    "micro_f1": 0.7014473241332885,
    "macro_f1": 0.697038074748358,
    "weighted_f1": 0.7012948648297872,
    "subset_accuracy": 0.6017029328287606
  },
  "per_label_f1": {
    "SDG_1": 0.6628571428571428,
    "SDG_2": 0.7521367521367521,
    "SDG_3": 0.7398843930635838,
    "SDG_4": 0.729064039408867,
    "SDG_5": 0.7142857142857143,
    "SDG_6": 0.5970149253731343,
    "SDG_7": 0.6666666666666666,
    "SDG_8": 0.6613545816733067,
    "SDG_9": 0.6865671641791045,
    "SDG_10": 0.6272727272727273,
    "SDG_11": 0.75,
    "SDG_12": 0.6994535519125683,
    "SDG_13": 0.6914893617021277,
    "SDG_14": 0.7,
    "SDG_15": 0.6386554621848739,
    "SDG_16": 0.7810650887573964,
    "SDG_17": 0.7518796992481203
  },
  "train_metrics": {
    "micro_f1": 0.966331198536139,
    "macro_f1": 0.9673824885594051,
    "weighted_f1": 0.9663382950560602,
    "subset_accuracy": 0.93125
  },
  "timing": {
    "training_time_seconds": 4.196081577998484,
    "training_time_minutes": 0.0699346929666414
  }
}