{
  "run_config": {
    "method": "TF-IDF + linear SVM-style baseline",
    "language": "en",
    "data_dir": "/home/manh/study-BHam/AI4GC-2/data",
    "output_dir": "/home/manh/study-BHam/AI4GC-2/artifacts/tfidf_train4000_seed42",
    "source_train_rows": 4225,
    "source_test_rows": 1057,
    "train_rows": 4000,
    "test_rows": 1057,
    "train_limit": 4000,
    "test_limit": 1470,
    "sampling": "coverage_aware_by_sdg",
    "max_features": 10000,
    "alpha": 0.0001,
    "random_state": 42,
    "test_random_state": 43
  },
  "metrics": {
    "micro_f1": 0.7005612413337735,
    "macro_f1": 0.6998990286862549,
    "weighted_f1": 0.7008276694904837,
    "subset_accuracy": 0.5789971617786187
  },
  "per_label_f1": {
    "SDG_1": 0.7160493827160493,
    "SDG_2": 0.6984126984126984,
    "SDG_3": 0.7380952380952381,
    "SDG_4": 0.7150259067357513,
    "SDG_5": 0.7578947368421053,
    "SDG_6": 0.7378640776699029,
    "SDG_7": 0.6744186046511628,
    "SDG_8": 0.6844106463878327,
    "SDG_9": 0.680628272251309,
    "SDG_10": 0.658008658008658,
    "SDG_11": 0.6968973747016707,
    "SDG_12": 0.6834170854271356,
    "SDG_13": 0.6700507614213198,
    "SDG_14": 0.6111111111111112,
    "SDG_15": 0.6728971962616822,
    "SDG_16": 0.7692307692307693,
    "SDG_17": 0.7338709677419355
  },
  "train_metrics": {
    "micro_f1": 0.9657054489220414,
    "macro_f1": 0.966609235184381,
    "weighted_f1": 0.9657599880115463,
    "subset_accuracy": 0.9285
  },
  "timing": {
    "training_time_seconds": 4.897304302000066,
    "training_time_minutes": 0.08162173836666776
  }
}