{
  "run_config": {
    "method": "TF-IDF + linear SVM-style baseline",
    "language": "en",
    "data_dir": "/home/manh/study-BHam/AI4GC-2/data",
    "output_dir": "/home/manh/study-BHam/AI4GC-2/artifacts/tfidf_train1000_seed42",
    "source_train_rows": 4225,
    "source_test_rows": 1057,
    "train_rows": 1000,
    "test_rows": 1057,
    "train_limit": 1000,
    "test_limit": 1470,
    "sampling": "coverage_aware_by_sdg",
    "max_features": 10000,
    "alpha": 0.0001,
    "random_state": 42,
    "test_random_state": 43
  },
  "metrics": {
    "micro_f1": 0.5903718650908043,
    "macro_f1": 0.5902990543080987,
    "weighted_f1": 0.6054309782105723,
    "subset_accuracy": 0.4370860927152318
  },
  "per_label_f1": {
    "SDG_1": 0.6823529411764706,
    "SDG_2": 0.7272727272727273,
    "SDG_3": 0.5806451612903226,
    "SDG_4": 0.7422680412371134,
    "SDG_5": 0.49586776859504134,
    "SDG_6": 0.3582089552238806,
    "SDG_7": 0.4161073825503356,
    "SDG_8": 0.6461538461538462,
    "SDG_9": 0.6285714285714286,
    "SDG_10": 0.5912408759124088,
    "SDG_11": 0.631578947368421,
    "SDG_12": 0.5513513513513514,
    "SDG_13": 0.5829596412556054,
    "SDG_14": 0.6153846153846154,
    "SDG_15": 0.5606060606060606,
    "SDG_16": 0.6231155778894473,
    "SDG_17": 0.6013986013986014
  },
  "train_metrics": {
    "micro_f1": 0.9399656946826758,
    "macro_f1": 0.9392566067287794,
    "weighted_f1": 0.9415841032504928,
    "subset_accuracy": 0.864
  },
  "timing": {
    "training_time_seconds": 1.803222538,
    "training_time_minutes": 0.030053708966666665
  }
}