{
  "run_config": {
    "method": "TF-IDF + linear SVM-style baseline",
    "language": "en",
    "data_dir": "/home/manh/study-BHam/AI4GC-2/data",
    "output_dir": "/home/manh/study-BHam/AI4GC-2/artifacts/tfidf_train4000_seed46",
    "source_train_rows": 4225,
    "source_test_rows": 1057,
    "train_rows": 4000,
    "test_rows": 1057,
    "train_limit": 4000,
    "test_limit": 1470,
    "sampling": "coverage_aware_by_sdg",
    "max_features": 10000,
    "alpha": 0.0001,
    "random_state": 46,
    "test_random_state": 43
  },
  "metrics": {
    "micro_f1": 0.6951429555632105,
    "macro_f1": 0.688998911055503,
    "weighted_f1": 0.6962401416850601,
    "subset_accuracy": 0.586565752128666
  },
  "per_label_f1": {
    "SDG_1": 0.6590909090909091,
    "SDG_2": 0.7090909090909091,
    "SDG_3": 0.7407407407407407,
    "SDG_4": 0.7391304347826086,
    "SDG_5": 0.7619047619047619,
    "SDG_6": 0.6771653543307087,
    "SDG_7": 0.6818181818181818,
    "SDG_8": 0.6637931034482759,
    "SDG_9": 0.7070707070707071,
    "SDG_10": 0.6069651741293532,
    "SDG_11": 0.7423822714681441,
    "SDG_12": 0.7231638418079096,
    "SDG_13": 0.6565656565656566,
    "SDG_14": 0.5,
    "SDG_15": 0.6542056074766355,
    "SDG_16": 0.7721518987341772,
    "SDG_17": 0.717741935483871
  },
  "train_metrics": {
    "micro_f1": 0.9649876588353598,
    "macro_f1": 0.9654751427940563,
    "weighted_f1": 0.964986651279319,
    "subset_accuracy": 0.9245
  },
  "timing": {
    "training_time_seconds": 4.971058090000042,
    "training_time_minutes": 0.08285096816666737
  }
}