{
  "run_config": {
    "method": "TF-IDF + LinearSVC",
    "language": "en",
    "data_dir": "/home/manh/study-BHam/AI4GC-2/data",
    "output_dir": "/home/manh/study-BHam/AI4GC-2/artifacts/tfidf_train4000_seed46",
    "source_train_rows": 4225,
    "source_test_rows": 1057,
    "train_rows": 4000,
    "test_rows": 1057,
    "train_limit": 4000,
    "test_limit": 1470,
    "max_features": 10000,
    "alpha": 0.0001,
    "random_state": 46,
    "test_random_state": 43
  },
  "metrics": {
    "micro_f1": 0.6970108695652174,
    "macro_f1": 0.6912552127779441,
    "weighted_f1": 0.6985710346208538,
    "subset_accuracy": 0.5827814569536424
  },
  "per_label_f1": {
    "SDG_1": 0.6706586826347305,
    "SDG_2": 0.782608695652174,
    "SDG_3": 0.6853932584269663,
    "SDG_4": 0.7403314917127072,
    "SDG_5": 0.7045454545454546,
    "SDG_6": 0.6363636363636364,
    "SDG_7": 0.6021505376344086,
    "SDG_8": 0.7142857142857143,
    "SDG_9": 0.6804123711340206,
    "SDG_10": 0.6171875,
    "SDG_11": 0.7407407407407407,
    "SDG_12": 0.6931818181818182,
    "SDG_13": 0.6702702702702703,
    "SDG_14": 0.625,
    "SDG_15": 0.6981132075471698,
    "SDG_16": 0.7380952380952381,
    "SDG_17": 0.752
  },
  "train_metrics": {
    "micro_f1": 0.9661976977891468,
    "macro_f1": 0.966927599007767,
    "weighted_f1": 0.9662381434917425,
    "subset_accuracy": 0.92725
  },
  "timing": {
    "training_time_seconds": 4.315253881999524,
    "training_time_minutes": 0.07192089803332541
  }
}