{
  "schema_version": 1,
  "model_type": "bert",
  "artifact_id": "bert_train1000_seed44",
  "created_at": "2026-05-07T00:07:22",
  "seed": 44,
  "train_size": 1000,
  "test_seed": 43,
  "test_samples": null,
  "language": "en",
  "paths": {
    "artifact_dir": "artifacts/bert_train1000_seed44",
    "checkpoint": "artifacts/bert_train1000_seed44/runs/20260507_000722/model.pt",
    "results": "artifacts/bert_train1000_seed44/results.json",
    "run_dir": "artifacts/bert_train1000_seed44/runs/20260507_000722"
  },
  "metrics": {
    "micro_f1": 0.6642335766423357,
    "macro_f1": 0.660939010976421,
    "weighted_f1": 0.6642273523410899,
    "subset_accuracy": 0.5969725638599811,
    "per_label_f1": {
      "1": 0.5945945945945946,
      "2": 0.6964285714285714,
      "3": 0.631578947368421,
      "4": 0.7540983606557377,
      "5": 0.5473684210526316,
      "6": 0.7272727272727273,
      "7": 0.6842105263157895,
      "8": 0.6165413533834586,
      "9": 0.74,
      "10": 0.6861924686192469,
      "11": 0.69377990430622,
      "12": 0.5977011494252874,
      "13": 0.708994708994709,
      "14": 0.5846153846153846,
      "15": 0.7547169811320755,
      "16": 0.5824175824175825,
      "17": 0.6354515050167224
    },
    "average_true_labels": 1.4408703878902553,
    "average_predicted_labels": 1.4105960264900663,
    "last_train_loss": 0.15994897770881653,
    "threshold": 0.3,
    "empty_prediction_fallback": "top1",
    "training_time_seconds": 11.826556521000384,
    "training_time_minutes": 0.1971092753500064
  },
  "run_config": {
    "run_id": "20260507_000722",
    "timestamp": "20260507_000722",
    "mode": "train_eval",
    "command": "python /home/manh/study-BHam/AI4GC-2/scripts/train.py --seeds 42 43 44 45 46 --train-sizes 1000 2000 4000 --language en --test-seed 43 --device cuda --force",
    "model_name": "sentence-transformers/all-MiniLM-L6-v2",
    "num_labels": 17,
    "label_names": [
      "SDG_1",
      "SDG_2",
      "SDG_3",
      "SDG_4",
      "SDG_5",
      "SDG_6",
      "SDG_7",
      "SDG_8",
      "SDG_9",
      "SDG_10",
      "SDG_11",
      "SDG_12",
      "SDG_13",
      "SDG_14",
      "SDG_15",
      "SDG_16",
      "SDG_17"
    ],
    "data_dir": "/home/manh/study-BHam/AI4GC-2/data",
    "dataset_source": "/home/manh/study-BHam/AI4GC-2/data",
    "language": "en",
    "train_limit": 1000,
    "test_limit": 1470,
    "train_rows": 1000,
    "test_rows": 1057,
    "epochs": 3,
    "batch_size": 8,
    "max_length": 128,
    "learning_rate": 5e-05,
    "threshold": 0.3,
    "unfrozen_layers": 2,
    "trainable_encoder_layers": 2,
    "unfreeze_encoder": false,
    "encoder_trainable_mode": "last_2_layers",
    "trainable_params": 3555473,
    "seed": 44,
    "test_seed": 43,
    "device": "cuda",
    "run_dir": "/home/manh/study-BHam/AI4GC-2/artifacts/bert_train1000_seed44/runs/20260507_000722",
    "checkpoint_loaded_from": null,
    "python_version": "3.10.20 | packaged by conda-forge | (main, Mar  5 2026, 16:42:22) [GCC 14.3.0]",
    "torch_version": "2.5.1+cu121",
    "transformers_version": "5.8.0",
    "sklearn_version": "1.7.2",
    "attention_note": "Last-layer CLS attention averaged over heads; proxy explanation only.",
    "timing": {
      "training_time_seconds": 11.826556521000384,
      "training_time_minutes": 0.1971092753500064
    }
  },
  "timing": {
    "training_time_seconds": 11.826556521000384,
    "training_time_minutes": 0.1971092753500064
  }
}