{
  "run_config": {
    "method": "TF-IDF + linear SVM-style baseline",
    "language": "en",
    "data_dir": "/home/manh/study-BHam/AI4GC-2/data",
    "output_dir": "/home/manh/study-BHam/AI4GC-2/artifacts/tfidf_train1000_seed44",
    "source_train_rows": 4225,
    "source_test_rows": 1057,
    "train_rows": 1000,
    "test_rows": 1057,
    "train_limit": 1000,
    "test_limit": 1470,
    "sampling": "coverage_aware_by_sdg",
    "max_features": 10000,
    "alpha": 0.0001,
    "random_state": 44,
    "test_random_state": 43
  },
  "metrics": {
    "micro_f1": 0.6165501165501166,
    "macro_f1": 0.6156239833524817,
    "weighted_f1": 0.6195663610511095,
    "subset_accuracy": 0.44654683065279094
  },
  "per_label_f1": {
    "SDG_1": 0.5671641791044776,
    "SDG_2": 0.6274509803921569,
    "SDG_3": 0.6387434554973822,
    "SDG_4": 0.7437185929648241,
    "SDG_5": 0.6804123711340206,
    "SDG_6": 0.589041095890411,
    "SDG_7": 0.6363636363636364,
    "SDG_8": 0.6176470588235294,
    "SDG_9": 0.6210526315789474,
    "SDG_10": 0.5506072874493927,
    "SDG_11": 0.6539379474940334,
    "SDG_12": 0.5849802371541502,
    "SDG_13": 0.5882352941176471,
    "SDG_14": 0.4482758620689655,
    "SDG_15": 0.6461538461538462,
    "SDG_16": 0.680628272251309,
    "SDG_17": 0.5911949685534591
  },
  "train_metrics": {
    "micro_f1": 0.9445644348452124,
    "macro_f1": 0.9437597733082496,
    "weighted_f1": 0.9449180299513968,
    "subset_accuracy": 0.873
  },
  "timing": {
    "training_time_seconds": 1.7074838399998953,
    "training_time_minutes": 0.028458063999998253
  }
}