{
  "run_config": {
    "method": "TF-IDF + LinearSVC",
    "language": "en",
    "data_dir": "/home/manh/study-BHam/AI4GC-2/data",
    "output_dir": "/home/manh/study-BHam/AI4GC-2/artifacts/tfidf_train1000_seed44",
    "source_train_rows": 4225,
    "source_test_rows": 1057,
    "train_rows": 1000,
    "test_rows": 1057,
    "train_limit": 1000,
    "test_limit": 1470,
    "max_features": 10000,
    "alpha": 0.0001,
    "random_state": 44,
    "test_random_state": 43
  },
  "metrics": {
    "micro_f1": 0.6240231548480463,
    "macro_f1": 0.6179477150006454,
    "weighted_f1": 0.625294664379085,
    "subset_accuracy": 0.47303689687795647
  },
  "per_label_f1": {
    "SDG_1": 0.5977011494252874,
    "SDG_2": 0.6666666666666666,
    "SDG_3": 0.6934673366834171,
    "SDG_4": 0.6633663366336634,
    "SDG_5": 0.5862068965517241,
    "SDG_6": 0.6991869918699187,
    "SDG_7": 0.5858585858585859,
    "SDG_8": 0.5969230769230769,
    "SDG_9": 0.6473029045643154,
    "SDG_10": 0.5381818181818182,
    "SDG_11": 0.7107438016528925,
    "SDG_12": 0.592964824120603,
    "SDG_13": 0.5811965811965812,
    "SDG_14": 0.5176470588235295,
    "SDG_15": 0.562962962962963,
    "SDG_16": 0.6334841628959276,
    "SDG_17": 0.63125
  },
  "train_metrics": {
    "micro_f1": 0.9539951573849879,
    "macro_f1": 0.9538319775954416,
    "weighted_f1": 0.9541538579483071,
    "subset_accuracy": 0.897
  },
  "timing": {
    "training_time_seconds": 1.5427673980011605,
    "training_time_minutes": 0.02571278996668601
  }
}