{
  "micro_f1": 0.7009063444108762,
  "macro_f1": 0.6944512713983861,
  "weighted_f1": 0.6996919042009643,
  "subset_accuracy": 0.6584673604541155,
  "per_label_f1": {
    "1": 0.5847953216374269,
    "2": 0.6896551724137931,
    "3": 0.6705202312138728,
    "4": 0.7659574468085106,
    "5": 0.6046511627906976,
    "6": 0.7663551401869159,
    "7": 0.6753246753246753,
    "8": 0.691358024691358,
    "9": 0.7473684210526316,
    "10": 0.6993006993006993,
    "11": 0.7578947368421053,
    "12": 0.6666666666666666,
    "13": 0.7115384615384616,
    "14": 0.7037037037037037,
    "15": 0.7256637168141593,
    "16": 0.64,
    "17": 0.7049180327868853
  },
  "average_true_labels": 1.4408703878902553,
  "average_predicted_labels": 1.3774834437086092,
  "last_train_loss": 0.11754364132881165,
  "threshold": 0.3,
  "empty_prediction_fallback": "top1",
  "training_time_seconds": 22.117123632000585,
  "training_time_minutes": 0.36861872720000977
}