{
  "micro_f1": 0.6768947529917152,
  "macro_f1": 0.6754176602598099,
  "weighted_f1": 0.6772278311913682,
  "subset_accuracy": 0.6130558183538316,
  "per_label_f1": {
    "1": 0.6347305389221557,
    "2": 0.7090909090909091,
    "3": 0.6779661016949152,
    "4": 0.6990291262135923,
    "5": 0.6041666666666666,
    "6": 0.7368421052631579,
    "7": 0.6136363636363636,
    "8": 0.6503496503496503,
    "9": 0.7142857142857143,
    "10": 0.6917808219178082,
    "11": 0.7038834951456311,
    "12": 0.625,
    "13": 0.6607929515418502,
    "14": 0.7142857142857143,
    "15": 0.6984126984126984,
    "16": 0.6631016042780749,
    "17": 0.6847457627118644
  },
  "average_true_labels": 1.4408703878902553,
  "average_predicted_labels": 1.6423841059602649,
  "last_train_loss": 0.11525333435833454,
  "threshold": 0.3,
  "empty_prediction_fallback": "top1",
  "training_time_seconds": 21.853282162999676,
  "training_time_minutes": 0.36422136938332794
}