{
  "micro_f1": 0.7035897435897436,
  "macro_f1": 0.679585814731445,
  "weighted_f1": 0.7002512538755662,
  "subset_accuracy": 0.68,
  "per_label_f1": {
    "1": 0.5714285714285714,
    "2": 0.65,
    "3": 0.5652173913043478,
    "4": 0.8333333333333334,
    "5": 0.65,
    "6": 0.6666666666666666,
    "7": 0.5925925925925926,
    "8": 0.7105263157894737,
    "9": 0.7142857142857143,
    "10": 0.75,
    "11": 0.7758620689655172,
    "12": 0.7384615384615385,
    "13": 0.71875,
    "14": 0.5714285714285714,
    "15": 0.6818181818181818,
    "16": 0.5777777777777777,
    "17": 0.7848101265822784
  },
  "average_true_labels": 1.63,
  "average_predicted_labels": 1.62,
  "last_train_loss": 0.08499565171077847,
  "threshold": 0.3,
  "empty_prediction_fallback": "top1",
  "training_time_seconds": 44.897806509001384,
  "training_time_minutes": 0.748296775150023
}