{
  "run_config": {
    "method": "TF-IDF + linear SVM-style baseline",
    "language": "en",
    "data_dir": "/home/manh/study-BHam/AI4GC-2/data",
    "output_dir": "/home/manh/study-BHam/AI4GC-2/artifacts/tfidf_train4000_seed45",
    "source_train_rows": 4225,
    "source_test_rows": 1057,
    "train_rows": 4000,
    "test_rows": 1057,
    "train_limit": 4000,
    "test_limit": 1470,
    "sampling": "coverage_aware_by_sdg",
    "max_features": 10000,
    "alpha": 0.0001,
    "random_state": 45,
    "test_random_state": 43
  },
  "metrics": {
    "micro_f1": 0.7084846483988115,
    "macro_f1": 0.7079095836327164,
    "weighted_f1": 0.7084329552856093,
    "subset_accuracy": 0.5837275307473982
  },
  "per_label_f1": {
    "SDG_1": 0.6742857142857143,
    "SDG_2": 0.7387387387387387,
    "SDG_3": 0.7070707070707071,
    "SDG_4": 0.73224043715847,
    "SDG_5": 0.75,
    "SDG_6": 0.7333333333333333,
    "SDG_7": 0.6896551724137931,
    "SDG_8": 0.6987951807228916,
    "SDG_9": 0.7155963302752294,
    "SDG_10": 0.6216216216216216,
    "SDG_11": 0.75,
    "SDG_12": 0.6985645933014354,
    "SDG_13": 0.6486486486486487,
    "SDG_14": 0.6764705882352942,
    "SDG_15": 0.693069306930693,
    "SDG_16": 0.7647058823529411,
    "SDG_17": 0.7416666666666667
  },
  "train_metrics": {
    "micro_f1": 0.9653048283359,
    "macro_f1": 0.9662708088665058,
    "weighted_f1": 0.9653684476022327,
    "subset_accuracy": 0.92525
  },
  "timing": {
    "training_time_seconds": 4.892540163999911,
    "training_time_minutes": 0.08154233606666518
  }
}