{
  "micro_f1": 0.6405135520684736,
  "macro_f1": 0.6383998300468113,
  "weighted_f1": 0.6356965871232038,
  "subset_accuracy": 0.6121097445600757,
  "per_label_f1": {
    "1": 0.6103896103896104,
    "2": 0.6306306306306306,
    "3": 0.6335403726708074,
    "4": 0.7103825136612022,
    "5": 0.5806451612903226,
    "6": 0.7358490566037735,
    "7": 0.6493506493506493,
    "8": 0.6245059288537549,
    "9": 0.6242774566473989,
    "10": 0.5212121212121212,
    "11": 0.6898263027295285,
    "12": 0.6172839506172839,
    "13": 0.6504854368932039,
    "14": 0.6666666666666666,
    "15": 0.7068965517241379,
    "16": 0.5512820512820513,
    "17": 0.6495726495726496
  },
  "average_true_labels": 1.4408703878902553,
  "average_predicted_labels": 1.2119205298013245,
  "last_train_loss": 0.16595655250549315,
  "threshold": 0.3,
  "empty_prediction_fallback": "top1",
  "training_time_seconds": 11.512050789999194,
  "training_time_minutes": 0.19186751316665324
}