{
  "micro_f1": 0.7181185823120239,
  "macro_f1": 0.707897719933058,
  "weighted_f1": 0.7168027362731834,
  "subset_accuracy": 0.6754966887417219,
  "per_label_f1": {
    "1": 0.6883116883116883,
    "2": 0.7321428571428571,
    "3": 0.7085714285714285,
    "4": 0.75,
    "5": 0.6352941176470588,
    "6": 0.6716417910447762,
    "7": 0.6744186046511628,
    "8": 0.7160493827160493,
    "9": 0.7407407407407407,
    "10": 0.7310344827586207,
    "11": 0.7519181585677749,
    "12": 0.6629834254143646,
    "13": 0.7238095238095238,
    "14": 0.6551724137931034,
    "15": 0.75,
    "16": 0.697986577181208,
    "17": 0.7441860465116279
  },
  "average_true_labels": 1.4408703878902553,
  "average_predicted_labels": 1.4153263954588458,
  "last_train_loss": 0.08456700433418154,
  "threshold": 0.3,
  "empty_prediction_fallback": "top1",
  "training_time_seconds": 45.574028626000654,
  "training_time_minutes": 0.7595671437666776
}