{
  "schema_version": 1,
  "model_type": "bert",
  "artifact_id": "bert_train4000_seed45",
  "created_at": "2026-05-07T00:13:30",
  "seed": 45,
  "train_size": 4000,
  "test_seed": 43,
  "test_samples": null,
  "language": "en",
  "paths": {
    "artifact_dir": "artifacts/bert_train4000_seed45",
    "checkpoint": "artifacts/bert_train4000_seed45/runs/20260507_001329/model.pt",
    "results": "artifacts/bert_train4000_seed45/results.json",
    "run_dir": "artifacts/bert_train4000_seed45/runs/20260507_001329"
  },
  "metrics": {
    "micro_f1": 0.7142411966344656,
    "macro_f1": 0.7031483727362656,
    "weighted_f1": 0.7130175259539419,
    "subset_accuracy": 0.651844843897824,
    "per_label_f1": {
      "1": 0.6909090909090909,
      "2": 0.746031746031746,
      "3": 0.6976744186046512,
      "4": 0.7368421052631579,
      "5": 0.6153846153846154,
      "6": 0.7586206896551724,
      "7": 0.56,
      "8": 0.7022900763358778,
      "9": 0.7647058823529411,
      "10": 0.7434944237918215,
      "11": 0.7395348837209302,
      "12": 0.65,
      "13": 0.7570093457943925,
      "14": 0.6666666666666666,
      "15": 0.7226890756302521,
      "16": 0.6810810810810811,
      "17": 0.7205882352941176
    },
    "average_true_labels": 1.4408703878902553,
    "average_predicted_labels": 1.5950804162724692,
    "last_train_loss": 0.08452284670993686,
    "threshold": 0.3,
    "empty_prediction_fallback": "top1",
    "training_time_seconds": 44.0530992669992,
    "training_time_minutes": 0.7342183211166533
  },
  "run_config": {
    "run_id": "20260507_001329",
    "timestamp": "20260507_001329",
    "mode": "train_eval",
    "command": "python /home/manh/study-BHam/AI4GC-2/scripts/train.py --seeds 42 43 44 45 46 --train-sizes 1000 2000 4000 --language en --test-seed 43 --device cuda --force",
    "model_name": "sentence-transformers/all-MiniLM-L6-v2",
    "num_labels": 17,
    "label_names": [
      "SDG_1",
      "SDG_2",
      "SDG_3",
      "SDG_4",
      "SDG_5",
      "SDG_6",
      "SDG_7",
      "SDG_8",
      "SDG_9",
      "SDG_10",
      "SDG_11",
      "SDG_12",
      "SDG_13",
      "SDG_14",
      "SDG_15",
      "SDG_16",
      "SDG_17"
    ],
    "data_dir": "/home/manh/study-BHam/AI4GC-2/data",
    "dataset_source": "/home/manh/study-BHam/AI4GC-2/data",
    "language": "en",
    "train_limit": 4000,
    "test_limit": 1470,
    "train_rows": 4000,
    "test_rows": 1057,
    "epochs": 3,
    "batch_size": 8,
    "max_length": 128,
    "learning_rate": 5e-05,
    "threshold": 0.3,
    "unfrozen_layers": 2,
    "trainable_encoder_layers": 2,
    "unfreeze_encoder": false,
    "encoder_trainable_mode": "last_2_layers",
    "trainable_params": 3555473,
    "seed": 45,
    "test_seed": 43,
    "device": "cuda",
    "run_dir": "/home/manh/study-BHam/AI4GC-2/artifacts/bert_train4000_seed45/runs/20260507_001329",
    "checkpoint_loaded_from": null,
    "python_version": "3.10.20 | packaged by conda-forge | (main, Mar  5 2026, 16:42:22) [GCC 14.3.0]",
    "torch_version": "2.5.1+cu121",
    "transformers_version": "5.8.0",
    "sklearn_version": "1.7.2",
    "attention_note": "Last-layer CLS attention averaged over heads; proxy explanation only.",
    "timing": {
      "training_time_seconds": 44.0530992669992,
      "training_time_minutes": 0.7342183211166533
    }
  },
  "timing": {
    "training_time_seconds": 44.0530992669992,
    "training_time_minutes": 0.7342183211166533
  }
}