{
  "run_config": {
    "method": "TF-IDF + LinearSVC",
    "language": "en",
    "data_dir": "/home/manh/study-BHam/AI4GC-2/data",
    "output_dir": "/home/manh/study-BHam/AI4GC-2/artifacts/tfidf_train1000_seed43",
    "source_train_rows": 4225,
    "source_test_rows": 1057,
    "train_rows": 1000,
    "test_rows": 1057,
    "train_limit": 1000,
    "test_limit": 1470,
    "max_features": 10000,
    "alpha": 0.0001,
    "random_state": 43,
    "test_random_state": 43
  },
  "metrics": {
    "micro_f1": 0.6038179148311307,
    "macro_f1": 0.5946975711620753,
    "weighted_f1": 0.6091032898200918,
    "subset_accuracy": 0.4796594134342479
  },
  "per_label_f1": {
    "SDG_1": 0.5462555066079295,
    "SDG_2": 0.676056338028169,
    "SDG_3": 0.6229508196721312,
    "SDG_4": 0.6605504587155964,
    "SDG_5": 0.6382978723404256,
    "SDG_6": 0.5575757575757576,
    "SDG_7": 0.5208333333333334,
    "SDG_8": 0.6346863468634686,
    "SDG_9": 0.55,
    "SDG_10": 0.4981949458483754,
    "SDG_11": 0.7008086253369272,
    "SDG_12": 0.6451612903225806,
    "SDG_13": 0.5929203539823009,
    "SDG_14": 0.39669421487603307,
    "SDG_15": 0.5588235294117647,
    "SDG_16": 0.6559139784946236,
    "SDG_17": 0.6541353383458647
  },
  "train_metrics": {
    "micro_f1": 0.9436769394261424,
    "macro_f1": 0.944024021463412,
    "weighted_f1": 0.9439731359482595,
    "subset_accuracy": 0.876
  },
  "timing": {
    "training_time_seconds": 1.507054279998556,
    "training_time_minutes": 0.025117571333309267
  }
}