{
  "run_config": {
    "method": "TF-IDF + linear SVM-style baseline",
    "language": "en",
    "data_dir": "/home/manh/study-BHam/AI4GC-2/data",
    "output_dir": "/home/manh/study-BHam/AI4GC-2/artifacts/tfidf_train1000_seed43",
    "source_train_rows": 4225,
    "source_test_rows": 1057,
    "train_rows": 1000,
    "test_rows": 1057,
    "train_limit": 1000,
    "test_limit": 1470,
    "sampling": "coverage_aware_by_sdg",
    "max_features": 10000,
    "alpha": 0.0001,
    "random_state": 43,
    "test_random_state": 43
  },
  "metrics": {
    "micro_f1": 0.622568093385214,
    "macro_f1": 0.6186701975759421,
    "weighted_f1": 0.6269944854763602,
    "subset_accuracy": 0.4739829706717124
  },
  "per_label_f1": {
    "SDG_1": 0.6022727272727273,
    "SDG_2": 0.5517241379310345,
    "SDG_3": 0.5217391304347826,
    "SDG_4": 0.7575757575757576,
    "SDG_5": 0.6741573033707865,
    "SDG_6": 0.5428571428571428,
    "SDG_7": 0.5641025641025641,
    "SDG_8": 0.6024096385542169,
    "SDG_9": 0.6462882096069869,
    "SDG_10": 0.5882352941176471,
    "SDG_11": 0.7138964577656676,
    "SDG_12": 0.624390243902439,
    "SDG_13": 0.6532663316582915,
    "SDG_14": 0.6216216216216216,
    "SDG_15": 0.5985401459854015,
    "SDG_16": 0.6268656716417911,
    "SDG_17": 0.6274509803921569
  },
  "train_metrics": {
    "micro_f1": 0.93642430628732,
    "macro_f1": 0.9364175136396661,
    "weighted_f1": 0.9369182432633479,
    "subset_accuracy": 0.883
  },
  "timing": {
    "training_time_seconds": 1.71672890800005,
    "training_time_minutes": 0.0286121484666675
  }
}