{
  "schema_version": 1,
  "model_type": "bert",
  "artifact_id": "bert_train1000_seed45",
  "created_at": "2026-05-07T00:07:38",
  "seed": 45,
  "train_size": 1000,
  "test_seed": 43,
  "test_samples": null,
  "language": "en",
  "paths": {
    "artifact_dir": "artifacts/bert_train1000_seed45",
    "checkpoint": "artifacts/bert_train1000_seed45/runs/20260507_000738/model.pt",
    "results": "artifacts/bert_train1000_seed45/results.json",
    "run_dir": "artifacts/bert_train1000_seed45/runs/20260507_000738"
  },
  "metrics": {
    "micro_f1": 0.6405135520684736,
    "macro_f1": 0.6383998300468113,
    "weighted_f1": 0.6356965871232038,
    "subset_accuracy": 0.6121097445600757,
    "per_label_f1": {
      "1": 0.6103896103896104,
      "2": 0.6306306306306306,
      "3": 0.6335403726708074,
      "4": 0.7103825136612022,
      "5": 0.5806451612903226,
      "6": 0.7358490566037735,
      "7": 0.6493506493506493,
      "8": 0.6245059288537549,
      "9": 0.6242774566473989,
      "10": 0.5212121212121212,
      "11": 0.6898263027295285,
      "12": 0.6172839506172839,
      "13": 0.6504854368932039,
      "14": 0.6666666666666666,
      "15": 0.7068965517241379,
      "16": 0.5512820512820513,
      "17": 0.6495726495726496
    },
    "average_true_labels": 1.4408703878902553,
    "average_predicted_labels": 1.2119205298013245,
    "last_train_loss": 0.16595655250549315,
    "threshold": 0.3,
    "empty_prediction_fallback": "top1",
    "training_time_seconds": 11.512050789999194,
    "training_time_minutes": 0.19186751316665324
  },
  "run_config": {
    "run_id": "20260507_000738",
    "timestamp": "20260507_000738",
    "mode": "train_eval",
    "command": "python /home/manh/study-BHam/AI4GC-2/scripts/train.py --seeds 42 43 44 45 46 --train-sizes 1000 2000 4000 --language en --test-seed 43 --device cuda --force",
    "model_name": "sentence-transformers/all-MiniLM-L6-v2",
    "num_labels": 17,
    "label_names": [
      "SDG_1",
      "SDG_2",
      "SDG_3",
      "SDG_4",
      "SDG_5",
      "SDG_6",
      "SDG_7",
      "SDG_8",
      "SDG_9",
      "SDG_10",
      "SDG_11",
      "SDG_12",
      "SDG_13",
      "SDG_14",
      "SDG_15",
      "SDG_16",
      "SDG_17"
    ],
    "data_dir": "/home/manh/study-BHam/AI4GC-2/data",
    "dataset_source": "/home/manh/study-BHam/AI4GC-2/data",
    "language": "en",
    "train_limit": 1000,
    "test_limit": 1470,
    "train_rows": 1000,
    "test_rows": 1057,
    "epochs": 3,
    "batch_size": 8,
    "max_length": 128,
    "learning_rate": 5e-05,
    "threshold": 0.3,
    "unfrozen_layers": 2,
    "trainable_encoder_layers": 2,
    "unfreeze_encoder": false,
    "encoder_trainable_mode": "last_2_layers",
    "trainable_params": 3555473,
    "seed": 45,
    "test_seed": 43,
    "device": "cuda",
    "run_dir": "/home/manh/study-BHam/AI4GC-2/artifacts/bert_train1000_seed45/runs/20260507_000738",
    "checkpoint_loaded_from": null,
    "python_version": "3.10.20 | packaged by conda-forge | (main, Mar  5 2026, 16:42:22) [GCC 14.3.0]",
    "torch_version": "2.5.1+cu121",
    "transformers_version": "5.8.0",
    "sklearn_version": "1.7.2",
    "attention_note": "Last-layer CLS attention averaged over heads; proxy explanation only.",
    "timing": {
      "training_time_seconds": 11.512050789999194,
      "training_time_minutes": 0.19186751316665324
    }
  },
  "timing": {
    "training_time_seconds": 11.512050789999194,
    "training_time_minutes": 0.19186751316665324
  }
}