{
  "schema_version": 1,
  "model_type": "bert",
  "artifact_id": "bert_train2000_seed42",
  "created_at": "2026-05-07T00:08:21",
  "seed": 42,
  "train_size": 2000,
  "test_seed": 43,
  "test_samples": null,
  "language": "en",
  "paths": {
    "artifact_dir": "artifacts/bert_train2000_seed42",
    "checkpoint": "artifacts/bert_train2000_seed42/runs/20260507_000821/model.pt",
    "results": "artifacts/bert_train2000_seed42/results.json",
    "run_dir": "artifacts/bert_train2000_seed42/runs/20260507_000821"
  },
  "metrics": {
    "micro_f1": 0.6854304635761589,
    "macro_f1": 0.6769744003055178,
    "weighted_f1": 0.6859047684777657,
    "subset_accuracy": 0.6537369914853358,
    "per_label_f1": {
      "1": 0.6142857142857143,
      "2": 0.717948717948718,
      "3": 0.6369426751592356,
      "4": 0.7333333333333333,
      "5": 0.6391752577319587,
      "6": 0.7706422018348624,
      "7": 0.49557522123893805,
      "8": 0.6896551724137931,
      "9": 0.7121951219512195,
      "10": 0.726530612244898,
      "11": 0.7340425531914894,
      "12": 0.6703296703296703,
      "13": 0.7128712871287128,
      "14": 0.6545454545454545,
      "15": 0.7166666666666667,
      "16": 0.6195652173913043,
      "17": 0.6642599277978339
    },
    "average_true_labels": 1.4408703878902553,
    "average_predicted_labels": 1.4162724692526016,
    "last_train_loss": 0.11737788216769696,
    "threshold": 0.3,
    "empty_prediction_fallback": "top1",
    "training_time_seconds": 21.99906603400086,
    "training_time_minutes": 0.36665110056668104
  },
  "run_config": {
    "run_id": "20260507_000821",
    "timestamp": "20260507_000821",
    "mode": "train_eval",
    "command": "python /home/manh/study-BHam/AI4GC-2/scripts/train.py --seeds 42 43 44 45 46 --train-sizes 1000 2000 4000 --language en --test-seed 43 --device cuda --force",
    "model_name": "sentence-transformers/all-MiniLM-L6-v2",
    "num_labels": 17,
    "label_names": [
      "SDG_1",
      "SDG_2",
      "SDG_3",
      "SDG_4",
      "SDG_5",
      "SDG_6",
      "SDG_7",
      "SDG_8",
      "SDG_9",
      "SDG_10",
      "SDG_11",
      "SDG_12",
      "SDG_13",
      "SDG_14",
      "SDG_15",
      "SDG_16",
      "SDG_17"
    ],
    "data_dir": "/home/manh/study-BHam/AI4GC-2/data",
    "dataset_source": "/home/manh/study-BHam/AI4GC-2/data",
    "language": "en",
    "train_limit": 2000,
    "test_limit": 1470,
    "train_rows": 2000,
    "test_rows": 1057,
    "epochs": 3,
    "batch_size": 8,
    "max_length": 128,
    "learning_rate": 5e-05,
    "threshold": 0.3,
    "unfrozen_layers": 2,
    "trainable_encoder_layers": 2,
    "unfreeze_encoder": false,
    "encoder_trainable_mode": "last_2_layers",
    "trainable_params": 3555473,
    "seed": 42,
    "test_seed": 43,
    "device": "cuda",
    "run_dir": "/home/manh/study-BHam/AI4GC-2/artifacts/bert_train2000_seed42/runs/20260507_000821",
    "checkpoint_loaded_from": null,
    "python_version": "3.10.20 | packaged by conda-forge | (main, Mar  5 2026, 16:42:22) [GCC 14.3.0]",
    "torch_version": "2.5.1+cu121",
    "transformers_version": "5.8.0",
    "sklearn_version": "1.7.2",
    "attention_note": "Last-layer CLS attention averaged over heads; proxy explanation only.",
    "timing": {
      "training_time_seconds": 21.99906603400086,
      "training_time_minutes": 0.36665110056668104
    }
  },
  "timing": {
    "training_time_seconds": 21.99906603400086,
    "training_time_minutes": 0.36665110056668104
  }
}