{
  "micro_f1": 0.6066584463625154,
  "macro_f1": 0.593890049594924,
  "weighted_f1": 0.6045578836286872,
  "subset_accuracy": 0.6633333333333333,
  "per_label_f1": {
    "1": 0.47619047619047616,
    "2": 0.5714285714285714,
    "3": 0.5294117647058824,
    "4": 0.7307692307692307,
    "5": 0.4,
    "6": 0.6470588235294118,
    "7": 0.6153846153846154,
    "8": 0.5797101449275363,
    "9": 0.6071428571428571,
    "10": 0.6461538461538462,
    "11": 0.6730769230769231,
    "12": 0.6296296296296297,
    "13": 0.6792452830188679,
    "14": 0.5882352941176471,
    "15": 0.65,
    "16": 0.4864864864864865,
    "17": 0.5862068965517241
  },
  "average_true_labels": 1.63,
  "average_predicted_labels": 1.0733333333333333,
  "last_train_loss": 0.16748327434062957,
  "threshold": 0.3,
  "empty_prediction_fallback": "top1",
  "training_time_seconds": 11.308453671999814,
  "training_time_minutes": 0.18847422786666357
}