{
  "schema_version": 1,
  "model_type": "bert",
  "artifact_id": "bert_train2000_seed43",
  "created_at": "2026-05-07T00:08:48",
  "seed": 43,
  "train_size": 2000,
  "test_seed": 43,
  "test_samples": null,
  "language": "en",
  "paths": {
    "artifact_dir": "artifacts/bert_train2000_seed43",
    "checkpoint": "artifacts/bert_train2000_seed43/runs/20260507_000847/model.pt",
    "results": "artifacts/bert_train2000_seed43/results.json",
    "run_dir": "artifacts/bert_train2000_seed43/runs/20260507_000847"
  },
  "metrics": {
    "micro_f1": 0.6768947529917152,
    "macro_f1": 0.6754176602598099,
    "weighted_f1": 0.6772278311913682,
    "subset_accuracy": 0.6130558183538316,
    "per_label_f1": {
      "1": 0.6347305389221557,
      "2": 0.7090909090909091,
      "3": 0.6779661016949152,
      "4": 0.6990291262135923,
      "5": 0.6041666666666666,
      "6": 0.7368421052631579,
      "7": 0.6136363636363636,
      "8": 0.6503496503496503,
      "9": 0.7142857142857143,
      "10": 0.6917808219178082,
      "11": 0.7038834951456311,
      "12": 0.625,
      "13": 0.6607929515418502,
      "14": 0.7142857142857143,
      "15": 0.6984126984126984,
      "16": 0.6631016042780749,
      "17": 0.6847457627118644
    },
    "average_true_labels": 1.4408703878902553,
    "average_predicted_labels": 1.6423841059602649,
    "last_train_loss": 0.11525333435833454,
    "threshold": 0.3,
    "empty_prediction_fallback": "top1",
    "training_time_seconds": 21.853282162999676,
    "training_time_minutes": 0.36422136938332794
  },
  "run_config": {
    "run_id": "20260507_000847",
    "timestamp": "20260507_000847",
    "mode": "train_eval",
    "command": "python /home/manh/study-BHam/AI4GC-2/scripts/train.py --seeds 42 43 44 45 46 --train-sizes 1000 2000 4000 --language en --test-seed 43 --device cuda --force",
    "model_name": "sentence-transformers/all-MiniLM-L6-v2",
    "num_labels": 17,
    "label_names": [
      "SDG_1",
      "SDG_2",
      "SDG_3",
      "SDG_4",
      "SDG_5",
      "SDG_6",
      "SDG_7",
      "SDG_8",
      "SDG_9",
      "SDG_10",
      "SDG_11",
      "SDG_12",
      "SDG_13",
      "SDG_14",
      "SDG_15",
      "SDG_16",
      "SDG_17"
    ],
    "data_dir": "/home/manh/study-BHam/AI4GC-2/data",
    "dataset_source": "/home/manh/study-BHam/AI4GC-2/data",
    "language": "en",
    "train_limit": 2000,
    "test_limit": 1470,
    "train_rows": 2000,
    "test_rows": 1057,
    "epochs": 3,
    "batch_size": 8,
    "max_length": 128,
    "learning_rate": 5e-05,
    "threshold": 0.3,
    "unfrozen_layers": 2,
    "trainable_encoder_layers": 2,
    "unfreeze_encoder": false,
    "encoder_trainable_mode": "last_2_layers",
    "trainable_params": 3555473,
    "seed": 43,
    "test_seed": 43,
    "device": "cuda",
    "run_dir": "/home/manh/study-BHam/AI4GC-2/artifacts/bert_train2000_seed43/runs/20260507_000847",
    "checkpoint_loaded_from": null,
    "python_version": "3.10.20 | packaged by conda-forge | (main, Mar  5 2026, 16:42:22) [GCC 14.3.0]",
    "torch_version": "2.5.1+cu121",
    "transformers_version": "5.8.0",
    "sklearn_version": "1.7.2",
    "attention_note": "Last-layer CLS attention averaged over heads; proxy explanation only.",
    "timing": {
      "training_time_seconds": 21.853282162999676,
      "training_time_minutes": 0.36422136938332794
    }
  },
  "timing": {
    "training_time_seconds": 21.853282162999676,
    "training_time_minutes": 0.36422136938332794
  }
}