{
  "run_config": {
    "method": "TF-IDF + LinearSVC",
    "language": "en",
    "data_dir": "/home/manh/study-BHam/AI4GC-2/data",
    "output_dir": "/home/manh/study-BHam/AI4GC-2/artifacts/tfidf_train2000_seed46",
    "source_train_rows": 4225,
    "source_test_rows": 1057,
    "train_rows": 2000,
    "test_rows": 1057,
    "train_limit": 2000,
    "test_limit": 1470,
    "max_features": 10000,
    "alpha": 0.0001,
    "random_state": 46,
    "test_random_state": 43
  },
  "metrics": {
    "micro_f1": 0.6828618968386023,
    "macro_f1": 0.6791427319982162,
    "weighted_f1": 0.6848906967289293,
    "subset_accuracy": 0.5629139072847682
  },
  "per_label_f1": {
    "SDG_1": 0.6705202312138728,
    "SDG_2": 0.736,
    "SDG_3": 0.6878980891719745,
    "SDG_4": 0.7570621468926554,
    "SDG_5": 0.6987951807228916,
    "SDG_6": 0.7289719626168224,
    "SDG_7": 0.5977011494252874,
    "SDG_8": 0.664,
    "SDG_9": 0.7130434782608696,
    "SDG_10": 0.6454183266932271,
    "SDG_11": 0.7180851063829787,
    "SDG_12": 0.655367231638418,
    "SDG_13": 0.6740331491712708,
    "SDG_14": 0.6363636363636364,
    "SDG_15": 0.5443786982248521,
    "SDG_16": 0.7195121951219512,
    "SDG_17": 0.6982758620689655
  },
  "train_metrics": {
    "micro_f1": 0.9614264919941776,
    "macro_f1": 0.9618965696162588,
    "weighted_f1": 0.9615240257216203,
    "subset_accuracy": 0.9145
  },
  "timing": {
    "training_time_seconds": 2.3859426729995903,
    "training_time_minutes": 0.03976571121665984
  }
}