{
  "run_config": {
    "method": "TF-IDF + linear SVM-style baseline",
    "language": "en",
    "data_dir": "/home/manh/study-BHam/AI4GC-2/data",
    "output_dir": "/home/manh/study-BHam/AI4GC-2/artifacts/tfidf_train2000_seed46",
    "source_train_rows": 4225,
    "source_test_rows": 1057,
    "train_rows": 2000,
    "test_rows": 1057,
    "train_limit": 2000,
    "test_limit": 1470,
    "sampling": "coverage_aware_by_sdg",
    "max_features": 10000,
    "alpha": 0.0001,
    "random_state": 46,
    "test_random_state": 43
  },
  "metrics": {
    "micro_f1": 0.659672131147541,
    "macro_f1": 0.6555079460671682,
    "weighted_f1": 0.6651391520804355,
    "subset_accuracy": 0.5345316934720908
  },
  "per_label_f1": {
    "SDG_1": 0.6744186046511628,
    "SDG_2": 0.6962962962962963,
    "SDG_3": 0.675,
    "SDG_4": 0.7065217391304348,
    "SDG_5": 0.66,
    "SDG_6": 0.5714285714285714,
    "SDG_7": 0.4473684210526316,
    "SDG_8": 0.6695652173913044,
    "SDG_9": 0.6699029126213593,
    "SDG_10": 0.5660377358490566,
    "SDG_11": 0.7386363636363636,
    "SDG_12": 0.6439024390243903,
    "SDG_13": 0.6545454545454545,
    "SDG_14": 0.7096774193548387,
    "SDG_15": 0.6428571428571429,
    "SDG_16": 0.7297297297297297,
    "SDG_17": 0.6877470355731226
  },
  "train_metrics": {
    "micro_f1": 0.9605643994211288,
    "macro_f1": 0.9599921003791394,
    "weighted_f1": 0.9609602926486074,
    "subset_accuracy": 0.914
  },
  "timing": {
    "training_time_seconds": 2.8195550220002588,
    "training_time_minutes": 0.046992583700004316
  }
}